Barcode,TSNE-1,TSNE-2
AAACCCAAGGAGAGTA-1,17.176095880176526,20.214673646561636
AAACGCTTCAGCCCAG-1,-26.095417939832622,8.319233454871965
AAAGAACAGACGACTG-1,-11.901898881163138,-19.151711176107987
AAAGAACCAATGGCAG-1,-13.438601049473775,-19.27132968135021
AAAGAACGTCTGCAAT-1,4.744292584769914,-22.668803433396082
AAAGGATAGTAGACAT-1,-18.552837734432543,11.573737772272933
AAAGGATCACCGGCTA-1,-20.9219633610586,6.975750996611666
AAAGGATTCAGCTTGA-1,8.785701626876751,23.9150530509291
AAAGGATTCCGTTTCG-1,10.606117962585136,22.388905286712085
AAAGGGCTCATGCCCT-1,19.000062968662558,-11.605527302714869
AAAGGGCTCCGTAGGC-1,-14.092431100808058,-12.726527939735702
AAAGGTACAACTGCTA-1,1.4043447896748547,26.923945044025537
AAAGTCCAGCGGGTTA-1,21.62521474355781,-16.207549599386954
AAAGTCCAGTCAACAA-1,-1.4919690163006238,-3.754847588377055
AAAGTCCCACCAGCCA-1,-20.33866901235823,14.732231941300443
AAAGTGATCGTACACA-1,-19.594397129854215,-25.183645607562234
AAATGGAAGCCGCTTG-1,3.4263116150098023,24.114146313245094
AAATGGACAATGCTCA-1,4.675087024810763,24.00154930705953
AAATGGAGTACCGCGT-1,-3.7633464994320605,-20.50752454178134
AAATGGATCCTATTTG-1,-22.52773212724337,2.0693586390878624
AACAAAGGTGATGAAT-1,3.5400393495873486,-19.0800853432015
AACAACCAGTAGTCCT-1,15.290014249659125,6.934439461313744
AACAACCCACGCTATA-1,-12.361026469070126,-13.268571696324553
AACAAGAGTTATAGAG-1,-1.4058906425356377,27.971658895988817
AACAGGGGTGGGAGAG-1,-13.436131736411362,-13.088492842897582
AACCAACAGCTTGTTG-1,2.2161040669358436,-11.644621848530713
AACCCAACAACTGATC-1,-15.332219826057186,-21.080001003654203
AACCCAAGTGGGCTTC-1,-18.90298566732431,11.442176846112044
AACCCAATCTTACCGC-1,-20.067613244614932,-23.182790066380782
AACCTGACATCCTATT-1,16.22757496570541,20.57601191205163
AACCTTTGTTTCGGCG-1,-16.60921396935196,-20.64895423692002
AACGAAAAGGTTGGTG-1,4.578280535931374,4.244926084259691
AACGAAACAATGTCTG-1,-1.0494413671316551,-0.5516652465463604
AACGAAACAGCGTTTA-1,14.54498361682779,8.22721872088544
AACGAAATCCATTTAC-1,5.795948718953687,-11.6102868049038
AACGGGAGTCGCTCGA-1,8.36435978679436,21.844204556176702
AACGTCAAGACGCCCT-1,12.657819775543299,18.586633562399854
AAGAACAAGACCATTC-1,-10.294847951807688,-13.67015355988298
AAGAACAAGCCTCAGC-1,-0.983998315990375,27.674775458911814
AAGAACATCTTGCAAG-1,8.604692448256122,-16.93954440354053
AAGACAACACTTCAGA-1,8.091485894222718,25.78409860505508
AAGACAACAGATCACT-1,-0.08875657171777766,23.643664936723958
AAGACAACAGTAGATA-1,-3.789124420322549,4.126091452488408
AAGACAATCCGCGAGT-1,20.362022511678816,-13.007890900413365
AAGACTCGTGACGTCC-1,-3.6820506501513424,3.1887719081984556
AAGCATCAGGTCCGAA-1,16.423686963433344,-10.520781529099754
AAGCATCCAGTCTTCC-1,2.8952967043336804,27.184278363112185
AAGCGTTCACTGATTG-1,-0.7829729150745312,22.539760267647484
AAGCGTTTCGCTATTT-1,-20.23623610798201,11.081349276055855
AAGGTAAAGGAAGTAG-1,-10.888180920916504,-12.86010760441834
AAGGTAAAGGCCACCT-1,-1.014997416224535,-19.89270819636618
AAGGTAAGTCCTTAAG-1,2.378063239797931,-18.93755810229959
AAGTACCAGCGCCTTG-1,14.920357263024226,-14.232359726682482
AAGTACCAGCTCCATA-1,12.93897419751879,-11.41300348117807
AAGTACCCAAAGAACT-1,15.68430520441695,-10.627842363352713
AAGTGAACATCAGCAT-1,-11.665275032781834,-10.820081229857859
AAGTGAATCGGAAGGT-1,9.72157281920336,22.7574265748209
AAGTTCGAGGATACAT-1,14.528322374377431,-17.030202435269285
AAGTTCGGTCAACACT-1,6.19995555593326,21.994161651451765
AATCACGAGGCTCTAT-1,-1.952414613250823,1.1108852012554402
AATCGACAGTATGTAG-1,-0.10082853005098374,-5.120855173666721
AATCGACGTGAGACGT-1,13.482789557339629,14.910667913093457
AATGAAGCAGTATGAA-1,4.582747411543523,-11.174111523485246
AATGACCGTGTCATCA-1,6.984931345641654,29.26779384833934
AATGGAACACTCATAG-1,-19.701236258367018,15.043683186361637
AATGGAATCTGATGGT-1,12.660186199691093,23.783057495715063
AATGGCTAGGACGGAG-1,-1.4790444520735613,-3.5939680999374315
AATTCCTTCCATTGGA-1,0.9213845959486802,27.30732563726825
ACAAAGAAGCCTCAAT-1,12.629910377629885,23.795115623604968
ACAAAGAGTTCCATTT-1,0.06025889283629067,-23.480398935714103
ACAACCATCTATCCAT-1,13.126546529809941,-7.7006323810318245
ACAACCATCTGCCCTA-1,6.55407647306107,-17.34219345879258
ACAAGCTGTAGGTCAG-1,-2.6217106159229764,-19.40286500215453
ACACCAAAGAGTCAGC-1,13.687129833578911,-16.64639989950013
ACACGCGGTGTTGCCG-1,2.45415783185449,23.1667045745265
ACACGCGTCACCTCGT-1,-20.350826112093795,-24.116907370793744
ACACGCGTCGCCGTGA-1,13.51398473726354,12.215371450519685
ACACTGATCACTGATG-1,9.817252167790402,14.657907617435749
ACACTGATCTTTCCGG-1,-1.0620036371396206,-17.236148167167546
ACAGAAAAGTATTAGG-1,4.7293032400020385,20.822084460098086
ACAGAAACACCAGCGT-1,17.03310034411295,17.216928229700677
ACAGCCGTCGCTGTTC-1,-20.122670805339173,3.9297320274073226
ACATCCCCACAAATGA-1,3.461379329376525,-12.184937875065549
ACATCCCGTAAGATTG-1,9.109222756213896,16.957362825365212
ACATCGATCTAAGAAG-1,-19.011541686881074,-26.103456309938707
ACATCGATCTGAGAGG-1,-11.20890221368647,-18.46019870622044
ACATCGATCTTGGGCG-1,14.896925650585327,16.678355673647896
ACATGCAGTTGCTTGA-1,17.809546973113385,12.560627795731465
ACATTTCGTGCCGAAA-1,18.779566434844973,-15.467891132049502
ACATTTCGTTTCTTAC-1,-28.64852404277668,8.707165530435299
ACCACAAAGGCCTTGC-1,9.77303183598259,16.790336796083956
ACCACAAAGGTTAGTA-1,-1.692303402716095,1.1963698391463453
ACCACAAGTCTGTGGC-1,-24.35909565595844,3.239053469342736
ACCATTTCATTGGGAG-1,-0.4691618395309496,-20.142150306038094
ACCCAAAAGCCACAAG-1,-4.678321989264482,4.034945796036164
ACCCAAAGTTGGGAAC-1,-5.190410809071276,20.857598960909574
ACCCTTGGTATCGTAC-1,-2.9798061624480185,-19.37236899060083
ACCCTTGTCATTTCGT-1,-13.075847895991974,-9.594700586457671
ACCTACCCAACGGTAG-1,-12.33377546845173,-12.524131587956301
ACCTGAACATGAGAAT-1,7.970899821755365,-16.71280957517159
ACCTGTCTCAAGTCTG-1,13.58355047817675,-16.477552601901362
ACCTGTCTCTCAACGA-1,-2.725739581194216,29.590175674384195
ACGATCAGTCGTTCAA-1,-14.221470745597758,-12.313554343203226
ACGATCATCCACGGAC-1,-11.051417304526106,-13.345980095777488
ACGATCATCCGTTGGG-1,12.435154856449417,-15.283554058982585
ACGCACGAGAGAGTGA-1,-10.932917687977708,-19.874458261719045
ACGGTCGTCACTACGA-1,8.532215830811527,-22.391586275913518
ACGGTTAAGTGCTCAT-1,-23.364947088385442,9.77237349751673
ACGTAACAGGTGCTTT-1,10.00370533575611,-12.380777708798355
ACGTAACTCATATGGC-1,-25.050236414042196,3.6478881833798877
ACGTAACTCTTCGATT-1,9.74297896898952,12.359859016959245
ACGTACAAGCTGTTCA-1,-11.358152376833365,-14.316155924175234
ACGTACACAAAGCTCT-1,3.683818443628529,26.011272174235238
ACGTACACAGACGATG-1,-18.37098691744947,-23.576539017173634
ACGTAGTCACGCCACA-1,-23.477589182367844,6.0620236948976425
ACGTAGTCATTAGGAA-1,-9.1176762869391,-13.508293952016432
ACGTTCCGTGGGTCAA-1,16.448319286270365,9.26349591283859
ACTATCTGTGTGTACT-1,-16.21102768474102,-22.47234670392173
ACTATGGAGAAATCCA-1,-19.52775380131597,15.80293601883654
ACTCCCAAGGTTGGTG-1,-16.104604022226532,-24.39339498390768
ACTCCCATCGTCCTCA-1,9.975049073105962,-12.753759452905257
ACTGATGAGCAGCGAT-1,-22.79246395792863,9.913062523572414
ACTGATGCACCAGCCA-1,-26.55873848323937,6.616306089441251
ACTGTGACAACTCGAT-1,13.331893303504213,-14.532881926188894
ACTTATCTCTAAGGAA-1,-2.181146095146765,22.538589998351547
ACTTCGCAGAACCGCA-1,1.9163236480201877,-13.797425319005942
ACTTCGCGTACTCCGG-1,-23.158874264836733,6.139713300812162
ACTTTCAAGTATGACA-1,-12.332803597924375,-19.17724028796733
ACTTTCACAAGCGAAC-1,-1.734831118508921,-5.3076575555306125
ACTTTCAGTACGCGTC-1,9.40297800645233,-21.668304327690006
AGAAATGTCATTCGTT-1,0.622009523484469,-2.067796872068388
AGAAGCGGTCTAGATC-1,4.599066136472813,-23.49937817732028
AGAAGCGTCTGCGTCT-1,5.430592712221542,-22.566103636206623
AGACAAAGTAGCTTGT-1,7.276214792636493,21.688947329575686
AGACACTCAAGTCGTT-1,10.791980023180747,-21.997415842471494
AGACCATCATTACTCT-1,14.567362926068219,-9.077229886379376
AGACTCATCAACGCTA-1,5.0629366176143975,-15.639722596359002
AGACTCATCAGAGCGA-1,16.83975332901478,15.004532906482497
AGAGAATAGAGGGTCT-1,-12.452794953703371,-20.073055732181622
AGAGAATCACCCAACG-1,13.228442520477358,-13.304813154148295
AGAGAGCAGTTGTCGT-1,-21.86823342937211,5.536198232777487
AGAGCAGGTCATAAAG-1,16.790504900615122,9.813959865458873
AGAGCAGGTTGAGTCT-1,17.597396184804335,-13.335710903472986
AGAGCAGTCGCGCTGA-1,-9.777719880692114,-17.28630744328133
AGAGCCCGTCACTCGG-1,13.731644979560802,-17.63308679465959
AGATAGAGTGACACGA-1,15.255157934772237,12.7361062570107
AGATCGTCAGGACTTT-1,-11.91910531894267,-13.553348953881471
AGATGAACAGGCACAA-1,0.11306802834706291,-23.28396083464075
AGATGCTGTACGGTTT-1,17.299235302420662,9.507614274724446
AGATGCTGTGTGGTCC-1,22.083983660441355,-15.957991120277475
AGCATCAGTCGGTGTC-1,5.663249607586275,22.852350312497773
AGCATCAGTGGTCCGT-1,17.835989061244653,-16.419164614050814
AGCCAATAGTCCCTAA-1,1.6560625312262574,-21.562252248342848
AGCCACGCAGGTTCGC-1,13.880684291426254,-12.089418803817473
AGCCACGGTTCCGCGA-1,6.569793249861107,20.27501964308636
AGCCACGTCCGAGAAG-1,-13.60357364571306,-19.41075465653157
AGCCAGCGTAATGCGG-1,13.530362207320191,-15.542586501050616
AGCCAGCGTAGTTAGA-1,-10.727373199473908,19.592116978791644
AGCGTATCATATGCGT-1,-4.561357606897355,3.4496724864267927
AGCGTATTCAGTGGGA-1,-22.289579852204245,2.2414918935999117
AGCGTCGCATTGACCA-1,16.49459073219673,-19.179107159473087
AGCGTCGTCCTTATCA-1,-1.853190732424359,4.750808212477606
AGCTACACAGTCGGAA-1,5.302596047051963,-25.052417116664888
AGCTACAGTCGTTTCC-1,-13.307030393080481,-13.576295662244588
AGGAAATTCACCATGA-1,-1.0415115335067382,27.469375687992525
AGGAATACAAACTCGT-1,15.318468927051438,-16.50704311475509
AGGAATATCATTACGG-1,19.32585111565871,-18.249566908117114
AGGACGAAGACCTTTG-1,-17.75609218887097,-24.29701923435582
AGGACGAAGATTAGTG-1,7.315987663313726,-21.54156647850903
AGGACGATCACTGATG-1,12.755081222794168,-16.452067560338925
AGGACGATCCAGTACA-1,-10.177210358869482,-18.880781490221995
AGGACTTTCCTACCAC-1,-14.711963915798991,-20.69596609673723
AGGAGGTAGGTCACAG-1,-1.2265829872417706,0.5089756931913103
AGGATAAAGAACAAGG-1,19.516822215025822,-15.351483782381083
AGGCCACAGGGCCAAT-1,9.254524524359095,-16.34196110386386
AGGCTGCAGGGCTTCC-1,-24.181320164905742,9.272336696360348
AGGCTGCGTGTGTGTT-1,-20.207018557842048,6.00445431557213
AGGGAGTCACCATTCC-1,-3.98787323583505,3.6599528801713306
AGGGAGTGTGTCGCTG-1,21.459843159679068,-16.28516979442437
AGGGCTCCAATACGCT-1,18.7133219821103,13.16909084318179
AGGGTCCCAGGACATG-1,12.177710477991418,12.615103286835195
AGGGTCCCAGTAGTTC-1,-13.240180915017392,-20.31986895429597
AGGGTTTCAGCGTGCT-1,11.904770474223422,23.690210963829088
AGGTAGGAGGAAGTAG-1,-26.51441215201226,7.204253931272487
AGGTAGGCAAAGCGTG-1,12.122035231468043,20.753716233577702
AGGTCATTCAAGTCGT-1,16.071049709738926,7.505674482583109
AGGTGTTCATTAAGCC-1,10.055141665699777,25.920233953195897
AGGTGTTGTCGATTAC-1,4.250286815316514,-15.07419762698317
AGGTGTTTCAATGCAC-1,12.610520519214907,-10.011226943729524
AGGTGTTTCGTTACCC-1,16.84908033096345,7.660422965329835
AGGTTACAGGTGCGAT-1,14.402934790402018,-16.243500551923365
AGGTTACGTCTGATAC-1,-3.438877078200155,30.4986150779614
AGTAACCCAAGCTCTA-1,11.327268592041387,12.715254464016617
AGTAACCTCGTTGTAG-1,18.18047356077328,-14.177290114660366
AGTACCAGTGGGTCAA-1,15.570186327221942,21.360098311960083
AGTACCATCAGCTTGA-1,-18.462475595229417,-25.280097519989095
AGTAGCTAGGAGTACC-1,-21.510003275980985,7.0552525689972905
AGTAGCTCACTGCTTC-1,-2.689329337013546,-4.858257475413476
AGTAGCTCAGGCACTC-1,18.787488159474552,15.207699356204927
AGTAGCTGTTAGAAAC-1,10.485186594686155,17.47118993196556
AGTAGTCGTATGACAA-1,7.379787854271942,-19.832639469198277
AGTCAACAGTCATGCT-1,10.748824624365739,25.189288910047072
AGTCAACGTACACGCC-1,-10.723759898967364,19.59425741229015
AGTCTCCCAACCGTGC-1,-17.960309602895904,10.998613703870586
AGTCTCCGTGAGTCAG-1,-12.447745378278828,-16.975625896878075
AGTGCCGCATCTGGGC-1,-12.015488048992578,-13.859005070713453
AGTTAGCAGTCAGGGT-1,-11.30824944483963,-10.63592587011224
AGTTAGCGTACCATAC-1,-27.23744258578174,8.105064254063644
AGTTAGCGTTCATCGA-1,-12.198908387155726,-12.355431270385326
AGTTCCCCAAACAGGC-1,-14.708044864088958,-22.810318758389627
AGTTCCCGTTACACTG-1,16.981274351373614,-10.78406762801653
AGTTCGAGTATGCGTT-1,-24.35679559105571,5.138465086809259
ATACCGACACACGGTC-1,1.0577531930937631,-17.812503866231953
ATACTTCGTACGACTT-1,13.054678482420623,22.380239627551013
ATACTTCGTTCGGTAT-1,17.590320082418312,-17.10184725459318
ATACTTCTCAGCTGAT-1,6.550867111262564,-18.561273753068715
ATACTTCTCGCCGTGA-1,-19.398586651349902,9.093879391414223
ATAGACCTCCGCTTAC-1,-15.784979513195873,-20.538675476541965
ATAGGCTGTGTTACAC-1,9.660400609526592,14.992302007147307
ATATCCTGTATGAGCG-1,-21.019853544437705,6.964644498005597
ATCACAGAGACGTCCC-1,8.79728603014088,20.845974901332177
ATCACAGCATGACGTT-1,13.491936101988932,23.745051715082234
ATCACGATCCGCAACG-1,-13.414453869195587,-19.41210847858607
ATCACTTGTGGCTGCT-1,14.138071524212386,25.419302104800575
ATCCACCCAGCAGTGA-1,-19.034118800809473,-25.038381453794962
ATCCACCCATGTCTAG-1,-17.83367418516754,-23.987608176222036
ATCCACCGTTTGTTGG-1,8.128646822890733,24.40311179132751
ATCCATTAGACGCAGT-1,-20.990901851101903,4.232493624760751
ATCCCTGCAATTTCTC-1,-10.087419739869972,-15.334836404497274
ATCCGTCCAACTCCCT-1,-24.924457554605173,3.7031222284102747
ATCCTATGTCTGTGCG-1,-16.883324620636735,5.902858613791767
ATCGATGCAACGGCTC-1,-19.423820957295778,5.0984139688923715
ATCGATGGTCAATCTG-1,-15.991397403279445,-23.728699210286255
ATCGGATAGGAAAGGT-1,4.067796121993999,-24.524197976609216
ATCGGCGAGTCCTACA-1,-2.874750530678599,-8.069005925890306
ATCGTAGCATCGGAGA-1,13.687058943408747,9.09914537249222
ATCGTCCAGCCTGAAG-1,0.855455770748174,27.19799131311659
ATCGTCCGTATGAGGC-1,10.983793091032346,18.42194519696548
ATCGTCCTCGGAGCAA-1,-4.112629018031715,31.001139756367056
ATCGTGAAGCAGATAT-1,13.736998810299173,12.16598478228097
ATCTCTACAAGAAACT-1,8.039016697129226,23.243483627104304
ATCTCTAGTCGTGGTC-1,1.7471711902472307,-11.046883137116215
ATCTTCAAGAAGAGCA-1,14.492894165457297,8.449763495898555
ATCTTCACATACTGAC-1,16.543816326231156,12.289106723355323
ATCTTCAGTCTCTCCA-1,15.594924310021536,12.809251672617659
ATCTTCATCTCATAGG-1,-10.615002183557886,-14.443009965913337
ATGAAAGTCCTTATGT-1,6.753899893258865,-17.0949902750341
ATGACCAAGGCTAACG-1,5.792293436675597,22.520174488963836
ATGACCACAATATCCG-1,2.781971467530041,-22.89437621679601
ATGAGTCTCCAGTTCC-1,-27.85567733941644,9.736667518225909
ATGATCGGTCGAACAG-1,-23.587165130497652,9.404526227668098
ATGCGATGTGCTCTTC-1,-22.439541616744947,8.916580356495635
ATGCGATGTTGTAGCT-1,1.959409786010243,-11.943038069073268
ATGGAGGGTGTTTACG-1,-0.01590481369738135,-5.118112908934551
ATGGATCGTAGATTGA-1,-19.71460556949671,14.998668457676576
ATGGATCTCGACCTAA-1,4.50963450634008,-12.394855455339103
ATGGGAGAGACGTCCC-1,10.329486851212314,-17.364601848673942
ATGGGAGCACTCCGGA-1,5.7768938085502,27.006155784040157
ATGGGAGTCCACTGAA-1,7.996461699589332,15.949743040842236
ATGGGAGTCCCATACC-1,-0.11229364019370683,-5.151491863264319
ATGGTTGTCACGGAGA-1,11.786732122902118,16.668970126259886
ATGTCCCCAGGAATCG-1,-20.908500152411477,6.004143472247907
ATGTCCCCATAGGTTC-1,-19.39821153726856,10.433882011870804
ATGTCCCGTCCTACGG-1,15.884897646580677,18.427193471287488
ATGTCTTAGATGGCGT-1,-2.4133151344211843,4.779254636978365
ATTACTCCAGCTTTGA-1,8.239988132628543,-19.500699856307456
ATTACTCGTTGCAACT-1,-18.347066346270623,11.691821024945815
ATTCACTAGAAGGCTC-1,-13.108810129576,-9.924172900026367
ATTCACTTCTCCGCAT-1,-18.52780809757495,-23.824133478286864
ATTCAGGCAAGTATCC-1,17.350541230273485,11.333300477488022
ATTCAGGCATAGCTGT-1,8.81011542849859,21.939560256902315
ATTCAGGTCTTCGTGC-1,1.8714096343126259,-25.27276191591788
ATTCCATCACGACTAT-1,-0.7347388702514948,-6.285073388329908
ATTCCCGAGTCACTCA-1,11.340503569899221,-13.490978974279232
ATTCCTACATGAGATA-1,14.62241467947714,25.24043722976449
ATTCGTTCAGTCTTCC-1,-0.11265285004848716,-17.607269394571478
ATTCGTTGTAACACCT-1,15.76130446323486,-18.33056251157744
ATTCGTTGTGTAGCAG-1,-9.1355780111422,15.150374245696705
ATTCGTTGTGTTCAGT-1,7.23767167061649,-24.59707969964017
ATTCGTTGTTCTTGTT-1,16.297748931306234,13.936609961343212
ATTCTACTCTCGTGAA-1,13.333656967629297,-14.70874045140915
ATTCTTGAGTTCCAGT-1,-1.545317001748637,-6.056808379191746
ATTCTTGGTACAATAG-1,-11.22222417028528,-11.376368999791795
ATTTCACAGTGCAAAT-1,1.8279098621868823,24.360360546084546
ATTTCACGTGGATACG-1,10.265383092144688,21.726171186350474
ATTTCTGCAAGGTCTT-1,11.073768337513362,21.37761574457498
ATTTCTGGTATCCTCC-1,-28.22135513560065,9.28591240898284
ATTTCTGTCGATGCAT-1,16.51665866836126,13.42042816642537
ATTTCTGTCGGCCAAC-1,6.130249253342463,-21.17596834925703
CAAAGAACACATATCG-1,2.992595152100951,-13.914271086660447
CAAAGAACAGCTGTTA-1,-10.898770103915465,-11.28020423264623
CAAAGAAGTTCTCCCA-1,17.011463663249028,19.199270605652245
CAACAACTCGATACTG-1,-8.11213686956279,-16.282864711156655
CAACAGTCATCCGTTC-1,11.743838264785808,-10.112394734689339
CAACAGTTCGAGCACC-1,19.18415394661608,-13.2839518106705
CAACCAAGTTAGAAAC-1,15.187804244110609,9.124352812335086
CAACCAATCCGCTTAC-1,-2.3387663657836133,3.919982001617039
CAACCTCGTATCGGTT-1,4.156982998086482,-15.34958146958765
CAACGATAGACGGAAA-1,8.087200594801162,19.65850654194056
CAACGATAGCCTAGGA-1,9.325130939828828,26.727427483203655
CAACGATCAAAGCACG-1,0.8474264930035665,-15.923708204539075
CAACGATTCAAGCCCG-1,10.57081727070687,17.792172091413764
CAAGACTAGTGGAAAG-1,-14.472674741791096,-13.007046145199364
CAAGACTTCAATCGGT-1,13.048158781060566,21.079443742854693
CAAGAGGTCTTCACGC-1,4.806395429043214,24.297061649322984
CAAGCTAGTGGCTGCT-1,-1.2351653941708707,24.827404592182056
CAAGCTATCCAAGGGA-1,-4.163825913082418,3.06916738798853
CAAGGGAAGAGTCGAC-1,-0.7892201627619919,-20.734353206859062
CAATACGAGGCAGCTA-1,-3.170025277374969,-5.658758446673239
CAATACGTCTCGACCT-1,-3.4055548852794124,4.544497958534928
CAATCGAAGAGGATCC-1,1.5883923394810286,-23.950616093810282
CAATCGATCCGTACGG-1,4.8239138618170205,-19.46138903041204
CAATGACTCAAGCCCG-1,9.12065205285914,-22.775112043723674
CAATTTCAGATTGCGG-1,-18.1300261471896,6.030074084348195
CACACAACAAGAAACT-1,16.519462927908464,-12.200307995778818
CACACAACACGAGGAT-1,10.386114332110836,12.19258505158339
CACAGATCACTCCGAG-1,1.937896361106155,26.92659099708348
CACAGATCATCATGAC-1,15.647336722965518,13.63792111286123
CACAGATGTTCCGTTC-1,-4.413848393867404,31.203676193925318
CACAGGCCAACGATCT-1,12.214388127040323,12.84940694290445
CACATGAGTTTCGACA-1,2.6801625563558473,-16.62836964558301
CACCAAAAGGACATCG-1,7.704279043478194,25.62406498360515
CACCGTTCACCCTAGG-1,12.458825639180072,-13.115357061416942
CACGAATCACATAGCT-1,1.2529886262935352,-17.240340208834894
CACGAATTCAAGTCGT-1,3.229541848290165,-22.304093504243312
CACGGGTAGCATTTGC-1,8.616883296119589,22.528238933168257
CACGGGTTCCCGATCT-1,-21.721492491538402,9.178926819882276
CACGTTCCAGCTTCCT-1,8.384716505915168,25.536298501947257
CACGTTCTCTATCACT-1,0.5726629244770557,-22.436370807368828
CACTAAGGTGATAGTA-1,-0.7941275571627762,-18.346654972436895
CACTGAAGTCTTTCTA-1,-25.045627380430485,6.3635239777114725
CACTGAATCCTGATAG-1,-4.514774793493897,21.52343910723287
CACTGGGAGGCGACAT-1,6.920908348178467,20.717875542918147
CACTGGGAGTTACTCG-1,17.307534717885115,13.443760962703712
CACTGGGGTCGCACAC-1,-0.9695005733018514,28.499401922108117
CACTGTCCACATATGC-1,-27.846750217406143,9.246201163881919
CACTTCGTCACCTACC-1,12.19305937815252,23.400213705811005
CAGAGCCGTGCCCGTA-1,13.720586132884167,-17.570304610935803
CAGATACTCGTTCCCA-1,4.88592346511756,-15.52197425999841
CAGATTGAGAACGTGC-1,12.182721350493683,-20.35533558524702
CAGATTGAGCTGAGCA-1,8.015061065632002,-23.210708888730842
CAGATTGGTGACTAAA-1,-18.32711115063265,11.537463300822566
CAGCAATGTATCGTTG-1,-2.616476636497624,29.938691890881167
CAGCAGCTCAGAGTTC-1,-12.148131755076363,-18.11084321555528
CAGCCAGGTGGGTTGA-1,-1.754615008363528,28.97524643065785
CAGCGTGTCCATCACC-1,-20.200669637657263,6.829055796221983
CAGGCCAGTTCAATCG-1,1.9833050649827277,-20.934387614636144
CAGGCCATCACTCACC-1,-3.8615805079467043,-7.732612974145406
CAGGCCATCCACTAGA-1,14.07703063422833,23.42185754409691
CAGGGCTAGATTGGGC-1,-11.510066750216302,-17.871069707121723
CAGGGCTTCGACGAGA-1,-9.208613306298616,15.25309124564382
CAGGTATGTCAGTCTA-1,-5.308685378216152,20.789766298102638
CAGGTATGTGTAAATG-1,-19.644847351576434,5.910958455893251
CAGTTCCCAATCGTCA-1,-10.156135060957233,-10.684049470410022
CATAAGCGTAGCGCTC-1,12.986711223950197,-12.208237869908302
CATAAGCTCCGTGTGG-1,11.31537797536868,24.705868424683615
CATACTTTCAACGAGG-1,1.2639248972681434,-16.949883550926195
CATAGACCATCTCAAG-1,-2.882614665564966,2.796352381849133
CATAGACGTACCTTCC-1,-1.7754211802155535,-3.9711899481338246
CATCAAGAGCGCCGTT-1,-2.8721667471202115,32.11305931117106
CATCAAGGTATGGTTC-1,-21.64218167354187,9.702725165724825
CATCAAGGTCTAACTG-1,-22.554185182164574,1.2488612441182882
CATCAAGGTTGTCCCT-1,-26.046332954694172,5.752786969057375
CATCCGTGTATCGCTA-1,15.95945130289054,-16.20633681065207
CATCGCTTCTTTGCAT-1,-1.7309739483937472,0.9468584146585751
CATCGGGTCGCTACAA-1,-21.400249202713255,9.781468951462939
CATCGTCTCCGTTGAA-1,-9.782921982312791,-19.115925147858015
CATGAGTCACCATTCC-1,-13.717095335695761,-21.578826417869575
CATGCCTCAATTGCTG-1,-26.77241866810305,8.311318616066579
CATGCCTCAGGCTATT-1,11.40310113083717,12.182381075237696
CATGCCTGTTCCGCAG-1,14.656097359049758,24.67778063064073
CATGCTCGTCTCTCAC-1,-26.95984067646882,1.5282198466211685
CATTCTAGTAGCTTGT-1,-13.672087422608387,-11.31229405054828
CATTCTATCAGTAGGG-1,12.703155759753239,23.763475730239772
CATTGAGAGGGACCAT-1,3.0297220618394625,26.93691408658349
CATTTCATCTCTCTTC-1,11.69590504759934,23.343941790765598
CCAAGCGAGCTAATCC-1,14.821415787565394,-8.483905854935042
CCAAGCGAGGTTCATC-1,16.99173207632845,13.54298089255
CCAATGAAGGTCACTT-1,-21.41577287028893,5.175738163732309
CCAATTTCAAAGGCTG-1,-14.137236267345358,-12.263013284844705
CCAATTTCATTCGATG-1,-14.528876018493897,-21.511603631383426
CCACACTCAGGACTTT-1,-3.841406760795918,31.045091495677667
CCACCATAGGTCATCT-1,-8.095456823770423,-16.107940156297115
CCACGAGGTAATCAAG-1,-1.7903092200073687,-3.880380415995614
CCACGAGTCTTCCTAA-1,8.34175912901282,26.496005311596488
CCACGTTTCATCAGTG-1,-21.191184660064927,12.300661161702038
CCACGTTTCGTGAGAG-1,7.798877219397881,-21.961926971718057
CCACGTTTCTGCTGAA-1,-20.421488356286012,12.41755389334474
CCACTTGCAGCTATTG-1,-8.809520348874363,-13.834975253162968
CCACTTGTCGCAGAGA-1,-3.631458874355089,31.17022535731817
CCATAAGGTGAGGAAA-1,10.670281830240471,18.413058567589196
CCATCACAGTGGTGAC-1,-3.0492832899599023,3.9157904684134963
CCATCACCATTAAAGG-1,-21.074644347810736,12.222470628161343
CCATCACTCTAACACG-1,15.480853439543445,14.430245435903617
CCCGGAATCAAACCCA-1,11.499511617553473,-8.698732897197823
CCCTAACCAGGTTCGC-1,10.987741178808992,-11.146037055586751
CCCTAACGTAACTGCT-1,-0.6300519779533549,27.262703723237117
CCCTTAGGTTTCCAAG-1,1.0404549248280246,-15.832187020529288
CCGAACGAGCTAAGTA-1,20.34179838083538,-18.856484799796522
CCGAACGAGGAACGCT-1,-1.1396167204593721,25.866898415170482
CCGATCTGTGGAGGTT-1,13.391547338185827,17.898253053184696
CCGATGGGTTCTCGCT-1,-4.915416643357099,21.138030755865977
CCGATGGTCACCTCTG-1,15.190261038321205,7.6955567860431655
CCGATGGTCTGTCGCT-1,-18.56729153846642,12.932646750145937
CCGCAAGCATTCAGGT-1,15.068618386844818,-10.62921596565013
CCGCAAGGTACCAGAG-1,1.997829719953227,-11.957578607597016
CCGGACAGTGATACCT-1,0.12745289938148824,26.49874749773904
CCGGGTACACTCCGAG-1,4.2812905262909915,25.419541748043056
CCGGGTACATACCAGT-1,-2.52815108037236,-4.419085639217024
CCGGTAGGTAGTACGG-1,-18.424798059226372,-23.076506157634483
CCGTAGGGTTCCCACT-1,-20.013651924351645,-24.7803968398374
CCGTAGGTCATACAGC-1,-24.999275268472264,4.013902349286837
CCGTGAGAGAGGTCAC-1,-15.057495521736152,-22.821668497973103
CCGTGAGTCGCCTTTG-1,-26.685775639719846,3.41769607101926
CCGTTCACAGAAGCTG-1,-2.8865425497915362,-8.879070372376459
CCTAAGAAGACTCTAC-1,-2.6566046499582536,-17.956573107054126
CCTATCGAGACAGCGT-1,13.323020719213792,21.146956010360835
CCTCAACTCTTAGCCC-1,11.943590947724186,-8.708222936577405
CCTCAGTAGCAAGGAA-1,15.000585072714939,5.902611652464524
CCTCAGTCATGATGCT-1,13.966078898115672,-9.814713323484668
CCTCAGTTCCGAGCTG-1,-25.20934079498141,7.225829511202844
CCTCATGCACTATGTG-1,-18.209346433715513,-25.081748079257007
CCTCATGGTTTCGCTC-1,8.739512425880283,-12.020765388954684
CCTCATGTCTCTCAAT-1,13.126893706140887,15.071245824078542
CCTCCAAAGGCCCGTT-1,8.335242786440261,23.20594160754516
CCTCCAACAACCCTCT-1,-14.61097482633626,-21.338720637425084
CCTCCAACACAATGAA-1,-27.650405237507453,7.236662700753908
CCTCCTCAGTCCCGAC-1,-28.40120258768928,9.247704734770226
CCTCCTCCATTCAGGT-1,8.654610207674352,-12.17550708230258
CCTCCTCTCAAGCGTT-1,14.76591452917035,-9.874855269279266
CCTCTAGCAGACCTAT-1,6.316391242663763,26.520183128312166
CCTCTCCGTGTGCTTA-1,-0.10226740218744039,0.08917727576258495
CCTCTCCTCGTTCCTG-1,14.316159119347677,25.69771165985383
CCTGCATAGTGGTGAC-1,-4.523873302653096,21.538509581652526
CCTGCATCAACGGGTA-1,14.944403500103231,-9.047174273283703
CCTGCATGTTCTTAGG-1,-0.20316160998868535,-17.962162623611857
CCTGTTGGTGTGCCTG-1,14.556282311897593,20.692144108517212
CCTGTTGTCAAGAGTA-1,-20.893280095670885,5.784317356484034
CCTTCAGAGGAACGTC-1,3.9347059769538872,4.154568453606029
CCTTCAGCACAGAGCA-1,-19.731933538394042,14.87465018641538
CGAAGGATCGACGCGT-1,1.8220175012241828,-18.89559827430409
CGAATTGGTCTGTTAG-1,18.120397616502345,-16.762078566261774
CGAGAAGTCAAGTTGC-1,-8.977557846323432,16.52603002943144
CGAGAAGTCCAATGCA-1,-3.5685163258628045,22.012097357775513
CGAGGAAAGTCGCGAA-1,22.677598962569558,-16.237639086362996
CGAGGAACACTGATTG-1,-20.91948306001376,7.429582514069502
CGAGGAAGTCCTGGGT-1,0.23515521896620278,-0.41938834483070786
CGAGGCTCAGATCACT-1,-24.128472107825754,5.617194012602199
CGAGGCTCAGCATGCC-1,14.414550242539182,23.33034815943965
CGAGTGCGTTCCGCGA-1,5.833467325997155,-24.29826788388165
CGAGTTAGTCGAGTTT-1,12.767273148267995,13.255976457586709
CGATCGGCAATTGGTC-1,14.223263513451403,13.717793322729843
CGATCGGCAGCGTGAA-1,22.157459926037127,-17.00799436530382
CGATGCGAGCAGAAAG-1,18.226046846874954,-13.19237016432378
CGATGCGTCGAACCAT-1,-19.189668701432048,6.9487123887984685
CGATGGCCACTCGATA-1,1.7366214499221229,-21.623575403399954
CGATGGCGTAGCGTCC-1,1.541976216854565,-20.440219000046778
CGCAGGTGTGCTTCAA-1,-23.910560058269784,6.774301683430931
CGCATAAAGTGATGGC-1,2.454743531800598,27.08988414597175
CGCATGGAGGCCACTC-1,-7.2198722777873465,14.948310489211273
CGCGTGAGTACAATAG-1,-23.10637470961952,5.2238554526983805
CGGAACCGTATCACGT-1,15.492380471184033,14.813376436991156
CGGAACCGTTTGCAGT-1,-18.128388298800097,11.5477932612304
CGGACACAGGACAGCT-1,11.578063505199538,18.43567108042292
CGGGACTGTTTCACTT-1,-16.25441497667449,-23.21560540777515
CGGGTGTTCCGTGACG-1,12.20761517422517,17.92590541489956
CGTAAGTGTGATAGTA-1,6.462122447819971,-24.806348813598138
CGTAGTATCAGCCCAG-1,-11.886537891142778,-18.16831385774422
CGTCAAACAGAATGTA-1,-16.503511107904224,-22.86512813431978
CGTCCATGTTTGGAAA-1,20.60490284907217,-13.556826139990305
CGTGAATAGTCGGCCT-1,9.748732631573622,-19.519796879412887
CGTGATATCTGGTGGC-1,-0.26902771118163277,-4.691387168737068
CGTGCTTAGCTTTGTG-1,16.669469736420076,17.941894660315988
CGTGCTTCAAGCGCTC-1,6.196832927591486,22.50357916240397
CGTGCTTGTTTAGACC-1,4.719821599167307,-24.62615309144801
CGTGTCTCACAGTACT-1,4.861923261436476,-23.238663426023667
CGTGTCTCATGGGTTT-1,12.141619794595288,-20.68384838698908
CGTGTCTGTCAGTTTG-1,1.878555221965952,23.877303355173108
CGTTAGATCAGCCTCT-1,-3.760659172534822,30.62542228672791
CGTTAGATCATTATCC-1,12.39837129863414,26.748540284548472
CGTTAGATCCAAGAGG-1,14.868326241046603,8.388875135294388
CGTTCTGTCAGCGCAC-1,12.258874226885174,-19.94223575233404
CGTTCTGTCCCGAACG-1,-19.86319831688171,-24.405440868906258
CTAACCCAGCCGCTTG-1,12.080979254165985,-9.776359567207257
CTAACCCCACTTCAAG-1,-1.6592307621605646,-19.251247381105404
CTAACTTAGCCTCACG-1,-0.17226349230959628,-6.2697640981971
CTAAGTGCACAATGCT-1,-18.35518733787948,11.953694113916299
CTAAGTGGTCCACTCT-1,-13.137257610072979,-10.961145906976228
CTACAGACAACAAAGT-1,-9.200800578414917,15.278233540301834
CTACAGACAGGAATAT-1,-1.4685490547857363,-4.380602522742802
CTACAGATCAGGAGAC-1,-2.6636048869076934,-8.007855747530929
CTACCTGCAACGGGTA-1,-3.900512932627895,4.964307229369138
CTACCTGTCTCGAACA-1,17.028998198843293,18.124399517959333
CTACGGGTCACCATAG-1,-4.435635263506465,4.158719172479311
CTACGGGTCGTTCAGA-1,-10.282169732456719,-17.960074267304034
CTAGACAGTCGTGGTC-1,-2.511370950692074,32.05239427782369
CTAGACAGTCTAACTG-1,1.18993258817807,25.2244306053
CTAGGTATCTAACGCA-1,-22.01816668689199,4.158964228715292
CTATCCGAGCTGTTAC-1,12.94028182833844,-16.27450081049459
CTCAACCGTGGATGAC-1,-19.70543398233017,14.710333838715735
CTCAACCGTGTGTCGC-1,-17.566335826792695,5.598526148214828
CTCAAGAAGATTACCC-1,1.9356576291051955,-15.822720646985683
CTCAAGACATCCTGTC-1,0.7822317545614804,-2.240767623445796
CTCAAGAGTCAAAGAT-1,-18.100997307716963,-25.6968345953399
CTCAATTTCGGAAGGT-1,11.58126144910626,18.63578892439183
CTCACTGCACCTTCCA-1,16.043579681639617,-10.889311189246147
CTCAGAACAATTGTGC-1,-26.967232882990746,1.5646468485922547
CTCAGGGGTCATCGCG-1,17.613824875397743,12.48284561090709
CTCAGGGTCTCACCCA-1,-4.35833283589662,31.24320014855317
CTCAGTCAGGGACAGG-1,-20.16300734556906,-25.05870702423756
CTCATCGAGAGGCGTT-1,15.057396388799933,-14.423710179089984
CTCATCGTCGTACCTC-1,-22.22921725772983,7.231880759619156
CTCATTAAGGAAGTGA-1,12.752183608590668,14.052271253582072
CTCATTATCGTACACA-1,-5.288457576558274,21.334473232370186
CTCCAACCAATCTCTT-1,-9.692726844274164,-10.716593294560218
CTCCAACGTAGTGTGG-1,4.942309382046043,-22.732871552482205
CTCCATGAGACAGCTG-1,-23.415131369135057,6.818801048595542
CTCCATGGTGTTGACT-1,17.105445691782066,9.232144331731952
CTCCATGTCATCGTAG-1,17.149028740003402,-16.822785663442115
CTCCATGTCGTCGATA-1,11.073809962687186,22.647562592506585
CTCCCAATCAATCAGC-1,-18.425006847052813,-25.609440800594776
CTCCCTCAGCGCGTTC-1,12.38963671542706,26.853482591172863
CTCCCTCCACCGGAAA-1,7.040918039858587,29.25007640419293
CTCCCTCGTTTACGAC-1,-4.560454109850253,-8.443654824460015
CTCCCTCTCATCGCTC-1,-4.635163771415581,-8.411237091855083
CTCCGATTCCTTTAGT-1,-11.576348331837496,-11.140300747769569
CTCCGATTCTTTCTAG-1,12.976982692060414,-7.9461673960965715
CTCCTCCTCACCTCTG-1,14.587574647474112,-9.979607651350545
CTCCTTTAGATGCTGG-1,-1.0428171385404237,25.79597733982385
CTCCTTTTCTACACTT-1,12.15761989976582,-8.510970235424166
CTCGAGGAGCCTATTG-1,-22.72436736707194,2.457348344152876
CTCGAGGAGGAAAGGT-1,-13.589620621989145,-12.843604512374533
CTCTCAGGTTAAGCAA-1,19.681871481562524,-12.980183964787079
CTCTCGATCCATAGGT-1,-27.75927402971661,6.71107521372538
CTCTGGTAGTAGGATT-1,12.524258327771731,10.159381890723985
CTGAATGAGCTCTATG-1,17.322731438021197,14.620475908835651
CTGAATGAGGCGAACT-1,21.72020667975816,-16.05929387949256
CTGAGGCGTTCAGCGC-1,-18.920584624064258,4.9721286004658065
CTGATCCGTCGCGTCA-1,6.47869427513264,-24.615856584301557
CTGATCCTCCCTCTAG-1,-12.46006893016203,-9.475516423924269
CTGATCCTCTCTCCGA-1,3.612125640649335,4.098476138034695
CTGCAGGAGCCATTGT-1,11.955337059525213,-20.669285298817517
CTGCATCAGCGTCAAG-1,14.00609447686586,7.276864078713609
CTGCATCGTAAGCTCT-1,13.479441716960094,-20.553106032529612
CTGCCATTCAGTGTTG-1,2.836645673402387,-21.7867929474348
CTGCCATTCGGAACTT-1,5.438946268622331,24.41365785891647
CTGCCTACAAGACTGG-1,9.185497476006093,12.78614314292994
CTGCCTATCTTGATTC-1,-27.369386568942218,9.28992392649023
CTGCGAGAGATTAGAC-1,10.383336006744438,14.272991339279654
CTGCGAGAGTGCACTT-1,10.1172038695494,19.43414546294331
CTGCGAGCAGATTCGT-1,-17.560880214280694,5.01466154292421
CTGCGAGGTAGGTTTC-1,16.22159657727302,7.767335713949821
CTGCTCACAGCGTTTA-1,-1.8151681331461964,28.923009093817054
CTGGACGCAACGATTC-1,1.8336334287830796,-23.641413287622566
CTGGACGCACACGGTC-1,13.650550634813941,19.074179867447516
CTGGACGGTTCCCAAA-1,-6.502820435096659,-18.139196047999967
CTGGACGTCTCATTTG-1,1.667912364433783,27.08970378923557
CTGGCAGGTTGCAAGG-1,14.528898942944611,6.6091592360907
CTGGCAGTCGTCTCAC-1,1.781666464296553,-19.114608664202827
CTGTCGTAGCTGGCCT-1,20.848693092561213,-13.561925940691411
CTGTGAAAGGAACGCT-1,17.339488757743347,20.751956408472537
CTGTGAATCATCGCTC-1,14.649411377573726,15.439215117069198
CTGTGGGGTCGTGATT-1,-9.253235809276303,15.223889883566292
CTTACCGCATGTGGTT-1,-4.420432846405236,4.16338696778719
CTTAGGAGTCTGTGGC-1,-22.67133747141615,2.115727370239602
CTTCAATGTTGGACTT-1,10.968453754135844,-10.606456696850294
CTTCAATTCGAGAGCA-1,-7.2035784706443255,14.842037746784346
CTTCGGTCACGTTCGG-1,-23.96834917833999,4.658639891233568
CTTCGGTTCCAAGAGG-1,-23.1068039655968,4.887298331252633
CTTCTCTTCCTACAAG-1,-0.6489369351852612,-16.543797776377158
CTTGAGAAGAATTGCA-1,18.99859213229997,-15.231927192318174
CTTGAGATCCCGAGGT-1,-1.495530296602806,4.041687308666685
CTTGATTAGGTAGGCT-1,14.643965198114957,-17.247628978719014
GAAACCTAGGAGGTTC-1,14.950078332762894,5.281465147003559
GAACACTGTTGGACTT-1,-27.503785378370008,6.786517272430096
GAACGTTGTCAGGAGT-1,8.72152890177541,14.294275481955552
GAACTGTCATCGAACT-1,14.438974600515397,-11.583929141017078
GAACTGTTCTCAAAGC-1,0.48384879269539854,-19.24850534311242
GAAGAATAGGTACAAT-1,13.410510970156974,21.832877370872364
GAAGCCCCAGGAACCA-1,-1.7565467547438118,28.98067511297486
GAAGCGATCAGTAGGG-1,-9.20143722167037,-12.417125198320024
GAAGGACGTCTGCCTT-1,9.711362505147282,17.707151857686004
GAAGGGTTCGCAGATT-1,21.187746061968976,-18.104520994632367
GAAGTAAGTCTAGATC-1,3.174896206869335,-23.541037791300226
GAATCACCAGTGGTGA-1,1.2514455546423309,-17.765979803625807
GACACGCCAGTCCGTG-1,-22.84883508325705,6.752311749501579
GACACGCGTTCCAAAC-1,-18.649217998392366,10.110490235744257
GACAGCCGTATCGTGT-1,-13.327600879532923,-10.462565198958757
GACATCAGTAACGATA-1,13.877344923489225,5.572284330443865
GACCCTTCAGCGTATT-1,-4.166695827345781,30.62108281543766
GACCCTTCATCATCTT-1,1.8561301948560045,-12.82439230487614
GACCTTCCACCTGCGA-1,8.803334850133941,16.730413235968776
GACCTTCGTCGAGCTC-1,16.463377494139923,-11.604254211307849
GACTATGCAGTCCCGA-1,-1.4152628597601438,0.5589272132450186
GACTATGCATCATTGG-1,13.628865217524242,20.164277295709233
GACTATGTCCAAGGGA-1,5.723246682379323,-18.68523864623094
GACTCAATCTAGTGAC-1,-2.7689915791533752,4.726798642280438
GACTCAATCTCCCAAC-1,16.219663113477687,13.673371890993876
GACTGATTCATCCTAT-1,10.671517391485844,-11.731225352767433
GACTTCCTCCTCTAGC-1,9.305757870467964,-12.753002105289971
GAGAAATCATTGGATC-1,12.014420759432177,-10.369507629023627
GAGACCCAGTAGGATT-1,10.007454793420626,21.61916361765814
GAGACTTAGTCACTCA-1,-16.450277335697304,-25.64639062113941
GAGACTTCAGGCTATT-1,6.8806495806340795,25.253778000894968
GAGAGGTTCATAGACC-1,19.768824847312416,-14.69684066205921
GAGATGGCATGTAACC-1,20.05236785822049,-14.944026282625444
GAGCCTGAGCGCACAA-1,-2.6918072090498097,1.8611489318860266
GAGCCTGAGGCAGCTA-1,-10.724932677760957,19.594185379996677
GAGCCTGCAGTCTCTC-1,-8.223555426225,-16.390495386791482
GAGCCTGGTCCACGCA-1,-0.5129215400432039,-17.4251887914578
GAGCTGCGTCGGATTT-1,6.867520946688909,21.573886704369695
GAGGCAAAGTCACGAG-1,2.8704309763336053,-25.71055718271405
GAGGGATCACTTGGCG-1,14.93110882473456,-16.954837557072672
GAGGGTACAGTTTCAG-1,7.056194210096442,-19.94045607473014
GAGGGTAGTCAACACT-1,15.762833128423665,-16.685850911465202
GAGGGTATCTGTCCCA-1,7.6174136027351995,-22.433873158786014
GAGTCATAGGGTTGCA-1,-22.617796070267808,1.6330396521079915
GAGTGAGGTCGGCTAC-1,-20.348023758855895,5.056545944192342
GAGTGTTCACAAGCTT-1,-18.698184848017195,4.296018108364361
GAGTGTTGTACGTAGG-1,-10.681351654903589,-18.042415351611467
GAGTTACAGACGACGT-1,6.159096368976526,-21.171342806237597
GAGTTGTAGCGTTACT-1,11.474095222582028,20.99302464657005
GAGTTGTAGTGCGTCC-1,10.538861738903696,12.687554969472178
GAGTTGTCACGGTGCT-1,-12.86260432628402,-19.224642456912825
GATAGCTGTCGGAAAC-1,1.0555095867064743,24.462106729828736
GATAGCTGTCTGTTAG-1,-1.1229558148402086,-20.94359211287896
GATAGCTTCGTGCAGC-1,-19.594724601435544,6.913025056208942
GATCACACACCCTGTT-1,-4.303037181398514,-20.97983114591599
GATCAGTAGGAACATT-1,-20.2161302038611,5.336687803052473
GATCAGTAGTGCGCTC-1,9.668712776945227,-14.671246161951819
GATCAGTGTTACAGCT-1,0.4158813833756606,-1.3126559309970995
GATCATGAGGCCTAAG-1,2.6730903628836318,-24.28290028433661
GATCCCTAGAGGATGA-1,18.205168603010588,-15.57123306592923
GATCCCTGTAATTAGG-1,18.657758456404146,-13.191678431230835
GATCGTACAGCGCGTT-1,2.273978065594212,-22.29605385873936
GATCGTATCTCTGGTC-1,-15.975559231907253,-20.845773766385044
GATGACTTCGTGGCGT-1,9.63265381232675,-14.795724089193124
GATGACTTCTCTAGGA-1,-26.69163199641756,3.145164545879886
GATGAGGCAAATGCGG-1,21.89513249047648,-16.962389183299006
GATGATCGTATGGAAT-1,-10.963879240833178,-12.97716768462258
GATGATCGTGTAACGG-1,-21.830051817492826,10.708221815559941
GATGCTAGTACAGGTG-1,12.007365833097754,-19.743037744361224
GATGCTATCCTACGAA-1,-2.1820853382388847,-6.987682428773829
GATGGAGAGCCAGACA-1,-18.042334924411684,12.301969021157436
GATGGAGCACTTGAAC-1,1.8505455128344355,-18.809931168026452
GATGGAGTCTGCGGCA-1,19.03532127332484,-18.24931149645975
GATGGAGTCTTCCAGC-1,9.637279258739957,16.231614019732948
GATTCGAGTCGCACGT-1,-1.5954883883442728,1.168313796802657
GATTCTTGTACAGTCT-1,4.568723891712887,-17.279204331641456
GATTGGTAGGCTGGAT-1,-1.284227778376115,-3.066294549201863
GATTGGTGTTGAGAGC-1,1.6943401328087806,-24.078700291276128
GATTTCTCAAGTGGGT-1,-10.72862500802831,-19.073147183875072
GATTTCTGTCGTCGGT-1,-0.1113927905550911,0.016107990643495263
GATTTCTTCCTTCAGC-1,-28.974120477733305,8.132136621190028
GCAACCGTCATTTCCA-1,-14.232656377660279,-22.599739572573625
GCAACCGTCGAACGGA-1,-22.14183175576149,7.407173488959438
GCACGGTAGTAGTCTC-1,4.5496207950424825,-22.179001686640074
GCACGGTCACCCAACG-1,-24.50009198143249,7.7980459687330725
GCACGTGTCAGACATC-1,-19.751116599107863,-24.228121248216762
GCAGCCAAGAGGTCAC-1,-22.785471053517632,4.445921754033821
GCAGCCACATACATCG-1,-23.939304512413504,4.266856888430692
GCAGCCAGTTGCGTAT-1,-20.386390275911346,12.413835208090198
GCAGCCATCACCGGGT-1,-11.93837726248885,-13.089945507848233
GCAGCTGGTAAGTTAG-1,7.417432752322986,23.786299141343985
GCAGCTGGTGGGTCAA-1,-25.660691835678236,6.797849078638031
GCAGCTGTCAAAGCCT-1,-10.727641104410925,19.59849031860205
GCAGCTGTCCTTCTGG-1,-10.848149188799308,-12.315324465007743
GCAGTTACACATTCTT-1,16.421598980244493,12.068370665082034
GCAGTTATCTCTCTTC-1,-3.9590514421363934,30.821203179489206
GCATCGGGTAACGATA-1,14.960561804257607,25.17203002722152
GCCAACGTCTAACGCA-1,-18.13153603693027,-24.38026190967144
GCCAACGTCTGCATAG-1,10.93624105128922,25.56290513043904
GCCAGGTGTTAGAAAC-1,11.914920651280788,-17.159086535578634
GCCAGTGAGTCCTACA-1,-21.440396050401006,8.355596900237572
GCCGATGAGGCGAAGG-1,-3.3715969278550193,4.196345183366448
GCCGATGAGTAACCTC-1,16.45962587895092,-16.42546942422456
GCCGATGCATCTTTCA-1,-25.86434018808768,5.15496636803961
GCCGTGACAACGACTT-1,14.198115921557463,13.661470423348685
GCCGTGACATGCCGGT-1,-14.957442475440427,-13.035070871022091
GCCGTGAGTCAGTCCG-1,4.590521556747605,4.221220726107356
GCCTGTTCACAGTCAT-1,0.6255636254283016,25.59425217494122
GCGAGAAAGTTGTAGA-1,-2.818127884122768,30.5266254450421
GCGAGAATCCTCAGAA-1,16.29090244059626,-10.828215531172251
GCGGAAAGTGTGTCCG-1,-12.791608861155192,-19.17415123170924
GCGGATCAGCAACTTC-1,16.75863904563132,12.836520628202056
GCTACAAGTCAGCTTA-1,-0.521264694130619,-2.6402379572587003
GCTACCTCACGCACCA-1,7.481679986349567,26.801299827338962
GCTACCTGTCCTACAA-1,11.039906409706845,20.960351077355913
GCTGAATAGCACTCTA-1,-17.691866707850473,11.201079926843068
GCTGAATCACACGGAA-1,-18.11651188490286,4.92920012465345
GCTGAATTCGTTAGTG-1,4.882257919670402,21.364011495620773
GCTGCAGAGGGCAGAG-1,-19.714997269205316,14.789182508054452
GCTGCAGGTGCTGATT-1,9.110828504612646,-19.933447630078984
GCTGCAGGTTGACGGA-1,14.599218442693436,15.729262265789952
GCTGGGTAGTACAACA-1,-18.8730320812969,-24.610895046191942
GCTTCACCAACACGAG-1,-3.2773228177529923,22.293230597087135
GCTTGGGAGAAGGTAG-1,-1.043936019002593,27.2661094789562
GCTTTCGAGTGCAAAT-1,11.008436481405955,20.133116347895623
GCTTTCGGTTCGGGTC-1,4.5367737538069814,-14.508964851937133
GCTTTCGTCCGGTAGC-1,2.735912251916278,-23.6538593015412
GCTTTCGTCTGGGTCG-1,0.5118530556457301,27.82522107391994
GGAACCCAGCCATTTG-1,14.391800425531716,21.149193617104313
GGAACCCTCTAATTCC-1,-27.228471354844373,6.690532261999467
GGAAGTGCAACCCTCT-1,16.87673168780782,10.732104817915362
GGAATCTCAAACTGCT-1,12.105616224131396,-13.426239423612007
GGAATCTTCAATCTCT-1,-0.7982938035397527,-18.25999894772646
GGAATGGAGGACTAAT-1,0.796378762006623,27.93922525227375
GGAATGGCACGACGCT-1,22.953149535765224,-14.364744109305985
GGACGTCGTTCAACGT-1,5.997662585276986,23.165000313114657
GGAGAACGTGCCCACA-1,15.54327374566461,6.870998525981195
GGAGGATGTATGAAAC-1,7.936795514566549,20.318000643495882
GGAGGTAAGGCGTTGA-1,11.05124066500063,15.139426902262187
GGAGGTATCTGGTGCG-1,15.957744283185983,8.187612802756396
GGATCTAAGCAATTCC-1,-1.318528251542506,0.45827752535802957
GGATCTAGTGCCTGCA-1,3.8217333416205466,4.128158644531347
GGATCTATCACCTACC-1,6.177517556040028,-16.583023731884683
GGATCTATCATAAGGA-1,-11.604061977980502,-12.949252167283047
GGATGTTAGCCGGATA-1,-1.2970030137770665,-16.174740928854785
GGCACGTAGGCCCGTT-1,-4.783427825531213,3.660546529451429
GGCGTCACATTGTGCA-1,-4.313196949788132,-8.319670449471321
GGCTGTGCAAAGCTAA-1,-19.941552897634963,-22.8955673599563
GGCTGTGCACGGTGAA-1,-20.518949503657012,10.543557243254524
GGCTGTGGTCCACATA-1,18.259323175977176,10.928825271715802
GGCTTGGCACCGAATT-1,-23.87390381690422,9.197513260733059
GGCTTGGGTAGATCGG-1,-18.27339833299917,9.416491015067653
GGCTTGGTCTTCTTCC-1,13.516010300579932,7.216689755747398
GGGACAATCCGATCTC-1,7.580275830536207,24.61987852129043
GGGACCTGTTAGGGAC-1,-1.8592583749524947,-3.689339559343067
GGGACCTGTTCTTGTT-1,10.072073571601104,-11.377805487537874
GGGACTCCACATATCG-1,13.102155548096702,-20.201916632786435
GGGACTCCACGGGCTT-1,-1.1417637621792982,22.452450654449127
GGGAGATCACGGGTAA-1,13.225294910323852,-20.862624215113687
GGGAGATCATGCAGGA-1,13.85428533256004,5.5579016736442055
GGGAGATTCACGGACC-1,-23.718574070901585,7.969277601993621
GGGAGTAAGCAGGCAT-1,2.1420498052569568,23.33213988916085
GGGAGTATCACCTCGT-1,-7.224801016347719,15.235179541277649
GGGAGTATCTTAGCCC-1,15.358783147542754,14.374317880161088
GGGATCCAGGGCAATC-1,-17.723872419337702,-21.93884395334766
GGGATGAAGGGAGGGT-1,20.477888189312228,-15.748790649903981
GGGATGAAGTCCCGAC-1,1.5584750993418792,-23.499012179693107
GGGCCATTCAGACCGC-1,11.65261713063206,19.865017943436825
GGGCTACAGACCAAAT-1,14.3792732473338,-12.168406298079137
GGGCTACAGGCAGTCA-1,18.870167346480073,-15.37923179778085
GGGCTCATCGCAATTG-1,4.696399040183138,-17.47914277280183
GGGTAGAAGTAGGGTC-1,22.612006396203828,-16.225474469996485
GGGTCACCAGGAGGTT-1,8.020872578266028,-23.176752097833482
GGGTCACGTCCTTAAG-1,6.654896953114837,24.969859371422956
GGGTCACTCACAAGGG-1,14.375048395597734,16.608181311523172
GGGTCTGAGTCAACAA-1,14.193836502178511,5.650357245650897
GGGTCTGGTTTGAAAG-1,4.226841611510418,-20.7246356603079
GGGTCTGTCCCGTTCA-1,12.478282844005836,13.62892684744406
GGGTGAACATAAGCAA-1,7.637463071530305,-19.026015794621873
GGGTTATCAGCCATTA-1,1.8510518881444131,-24.392836275273954
GGGTTTACACAGAGCA-1,14.578037283611199,16.84971936060684
GGGTTTACACTAAACC-1,-16.981866844053037,10.55629639598583
GGTAATCCAAAGGAGA-1,-13.985210260297189,-10.098321266782923
GGTAATCCACAGCATT-1,1.9778596126667711,24.327741676756215
GGTAATCCATACCACA-1,9.934053668840368,13.352338324518405
GGTAATCTCAAGTTGC-1,3.6504732446026975,26.840545153837358
GGTAGAGAGACCAGCA-1,9.517891193381665,15.049716765090205
GGTCACGCAATGGCCC-1,7.511330111326218,-17.091667981887767
GGTCACGGTCGTGATT-1,15.103966259641581,-11.2054764225392
GGTCTGGTCAGACATC-1,-26.432523666167768,5.158603962661614
GGTCTGGTCTCCCAAC-1,-13.895762473621405,-11.837483223381781
GGTGATTAGCTGTACT-1,-19.78399475125856,4.789142090248762
GGTGATTCAGCTCGGT-1,9.363333197679564,20.27649158801241
GGTGGCTGTGCGCTCA-1,-19.408544515307234,-24.156364051873958
GGTGTCGCAACGATCT-1,16.077224540242252,20.066115322683405
GGTGTCGGTGTTATCG-1,-19.264164751557704,6.290609335629285
GGTGTTAGTGGATTTC-1,-19.60864669935161,15.354928192031542
GGTTAACTCACTCACC-1,-1.1197375469223967,0.2410378344579515
GGTTCTCCAGGTTCCG-1,11.750268257462242,11.295621487140295
GGTTGTATCGAAGGAC-1,-9.022742023540992,16.314183139881504
GTAACACAGAAAGCGA-1,-3.734714263352537,-7.9914845611812355
GTAACACAGCTCCGAC-1,-3.563646919128802,31.42715796210795
GTAACACGTAGATGTA-1,-9.895145059499802,-17.35502990275729
GTAACACGTGGCGTAA-1,14.795643042820048,6.213088150635347
GTAAGTCTCGATTGGT-1,18.904338509470612,-13.826402473282569
GTAATCGCAGTTTCGA-1,1.467467243884338,-24.874424907391848
GTAATCGGTTGCGAAG-1,-18.517819333286013,-25.663149666633363
GTAATGCCACCAGTAT-1,6.725020860433079,21.570018954982878
GTACAACAGATAGCTA-1,-17.79930217257565,-23.459556168606497
GTAGAAACATGGACAG-1,16.716915728928647,13.671510676910007
GTAGAAATCTGAGATC-1,8.844757086810898,25.414166780381223
GTAGAGGCAACTTCTT-1,7.185326267470017,-10.665889861780235
GTAGATCCATCCCGTT-1,6.59924512198464,-24.225855104946454
GTAGCTATCTCATGGA-1,9.01699500729898,25.09685358753569
GTAGGAGTCCGTCACT-1,-20.66059229297598,-23.615828796731368
GTAGGTTCAGAAGCGT-1,17.38009402302173,-12.695823802465071
GTAGGTTGTGTTCGTA-1,-10.05669262144485,-18.561756062618247
GTAGTACCACCCTATC-1,4.396635102931289,24.828174950469897
GTAGTACTCTGTGTGA-1,-5.338363659897133,20.668587841194267
GTATTTCAGAAGAGCA-1,19.723264724110102,-16.855039380713404
GTCAAACCAAGCACCC-1,8.982892695649129,-19.82356786097
GTCAAACTCAATGCAC-1,-1.8796789041699467,-3.8824466173431063
GTCAAGTCAATACCTG-1,-2.7488657055174,-7.707741532663748
GTCACGGAGCGGGTTA-1,17.04249312364001,-17.11474114723012
GTCACGGCACCGTACG-1,4.417760845880218,-19.33482327034658
GTCACTCTCTTGAACG-1,11.540838851177432,-19.36577546659177
GTCATGAAGACTCATC-1,-1.1895839621962812,0.5019000203320798
GTCATGAAGTTTGGCT-1,16.028209801512723,19.742277986940277
GTCATGACATTGGATC-1,-24.61395495175989,6.040571743204092
GTCATTTCAAGAGAGA-1,22.609593244939823,-15.367124708180214
GTCATTTGTACGACTT-1,-1.228606859085851,-2.782072228326202
GTCATTTTCCTAGAGT-1,-15.6318600766285,-19.803433117832114
GTCCCATCATGCCGAC-1,18.394877475695317,-16.755461693443447
GTCCTCAAGTCACGAG-1,-19.37486738499777,15.509061179018191
GTCGAATAGGAGTATT-1,-22.936038279014312,4.658671282278037
GTCGAATCAGAACCGA-1,15.739137692934957,11.540280302238472
GTCGAATGTCAAGCGA-1,16.454715514822134,9.586824529711397
GTCGCGAAGCAGCGAT-1,-12.732176611720917,-15.083513994579697
GTCGCGAGTTTACCTT-1,-18.23337351174556,-24.42349665155596
GTCTACCCAGGAAGTC-1,18.247130747171454,-16.71510232427049
GTCTAGACAATGCAGG-1,-4.499321761568451,3.4690467564897367
GTCTAGAGTATGTCAC-1,-3.919779726888676,21.901716438859477
GTCTAGATCGAGAGAC-1,-19.059073462785996,11.203720453143287
GTCTGTCAGATACGAT-1,10.134713770831667,-17.2965512690177
GTCTGTCTCGAGCCTG-1,-17.980088919862656,-22.951893405153008
GTGAGCCCATCTTCGC-1,-3.1911119005436177,-5.830168598451305
GTGAGCCGTGATCGTT-1,-15.919990589876575,-19.251529587815405
GTGAGCCTCTGGAAGG-1,14.378239848973726,16.730849446988604
GTGAGGAAGCATTGAA-1,6.2365250808390185,-25.67386431172105
GTGAGGACACAACATC-1,-13.114869829818415,-11.839293113889807
GTGAGGACACTTTAGG-1,20.24416876830399,-14.21779256280395
GTGAGTTTCCAATGCA-1,5.161709543719172,-17.66802674319723
GTGATGTAGACATCAA-1,4.572515301857251,-21.712316045718755
GTGCGTGAGCTTCTAG-1,7.848224052122586,25.10931435432962
GTGCTGGCAGGCTACC-1,-15.695376326887425,-19.96309203334532
GTGCTGGTCAAACCTG-1,13.317068742859709,-11.512317993270482
GTGCTTCAGACCATAA-1,17.106504967764117,17.638163057009702
GTGCTTCCACTCATAG-1,-17.933896511391275,-23.918640354565333
GTGCTTCGTCGCTTGG-1,12.643718781099363,15.60383985940539
GTGGAAGAGCCAAGTG-1,-6.367481192514581,-15.433369011310084
GTGGAGAAGATCCGAG-1,-0.9047968073851979,0.3346310245998206
GTGGCGTAGAATAACC-1,-9.512571188019027,-16.988449790210144
GTGGCGTCAATCGAAA-1,-10.408442850951245,-13.333588278695728
GTGGGAAAGGTCGTAG-1,-24.59011270281649,5.36100167753976
GTGGGAACATGAGTAA-1,7.8101698099004695,-22.256043367452115
GTGGTTAAGTAACCGG-1,4.2821071355320734,-12.309852923976411
GTGTAACTCTTGGTGA-1,5.312190143606325,-11.241954622442243
GTGTCCTAGTCGGCCT-1,-18.10086490010547,-23.288173059479593
GTGTCCTCAGTTGTTG-1,-19.974767084249955,12.935230039413632
GTGTCCTGTGGCCTCA-1,14.030550231759102,-13.476876571773246
GTGTGATCACTACGGC-1,1.8305992799264679,-22.851542965610587
GTGTGATTCTTACGTT-1,-15.824376673054696,-20.94668260888986
GTGTGGCAGGTACTGG-1,-4.26044479811905,21.675904300860743
GTGTGGCAGGTAGTCG-1,-14.460238177717327,-12.787362206784064
GTGTGGCGTAAGTTGA-1,-0.7848148430485916,1.497985643778008
GTGTGGCTCACCACAA-1,16.959395050378397,-13.78158729182687
GTGTTAGAGACGGTCA-1,12.207562043323227,6.209544512383633
GTGTTCCAGGTGCCTC-1,-26.704867656425574,2.39576802382791
GTGTTCCGTAGTTCCA-1,3.9392617994179533,4.155436186931044
GTTACAGAGGGCTAAC-1,-2.807739550989999,1.914070133493835
GTTACAGAGTGTAGTA-1,21.721573567472753,-16.56065685403129
GTTACAGCAAATCAGA-1,6.3188112686486875,-12.23086018608903
GTTACGAGTATGAGAT-1,10.450396342353901,16.295446014876966
GTTAGTGAGAACGTGC-1,8.059293900989333,-21.449049534193584
GTTAGTGCACCTCTAC-1,6.74432137239759,24.41621590235672
GTTCATTTCCGATGCG-1,2.9354356042641694,3.989814816010342
GTTCCGTAGTTGCCCG-1,17.683764736685763,16.562027755124095
GTTCCGTCACCCGTAG-1,-10.033851752065537,-17.23385068626785
GTTCTATCAAATGAGT-1,-17.289925788171526,5.7375628201006945
GTTCTATCACGTGTGC-1,2.1953171106755645,22.745673477173817
GTTCTATTCTACACTT-1,-17.31780112247383,-23.669067376458404
GTTGAACAGGAACATT-1,-20.0337889327268,-25.01312930645371
GTTGAACGTACCCGCA-1,4.525970262285381,25.969574835318134
GTTGCGGAGCTGCCTG-1,17.18048291703001,-14.36979266104229
GTTGCTCAGTTTCGAC-1,-18.424385098324613,-25.84638749427253
GTTGCTCTCATTTCCA-1,0.5949219629381463,-16.438270374858284
GTTGTAGCAGTTCTAG-1,-12.45098927474266,-14.512402294675102
GTTGTGAAGACCTTTG-1,-3.333392293368004,4.321721420274583
GTTGTGATCTCGGTCT-1,14.820666861918538,-18.13629248050172
GTTTGGAGTGTATACC-1,2.3079718255465407,-17.440693878612798
TAACGACCACATATGC-1,15.150345355509613,-11.092361266762305
TAACGACGTGCCTACG-1,-2.637796045907535,-4.585460969355364
TAACTTCGTTGTGGAG-1,-18.781639559083388,-23.262331912076117
TAAGCACAGAAGCTGC-1,2.7277730317066076,-24.163789955056476
TAAGCACTCACCATAG-1,-25.99777849982793,6.562270717971983
TAAGCCAGTCCAACGC-1,-1.50957988199611,-5.246713066297747
TAAGCCATCTGGCCTT-1,-25.79183120064192,5.447519223917708
TAAGCGTTCGTTGCCT-1,-16.69511797926285,10.086404945507422
TAAGCGTTCTGTCGTC-1,15.473169448824038,-18.88678583065827
TAATTCCCACTCCGGA-1,-7.085651986951955,-18.00242945560058
TAATTCCGTATTGACC-1,-3.221363974257099,30.56846712125559
TAATTCCGTCAGTCCG-1,6.124289570367048,-18.469398232319687
TACAACGCAAAGGTTA-1,17.84655716936953,-14.07739504837147
TACAACGCATAGATCC-1,10.31301095852842,-12.358736703151921
TACACCCTCGACTCCT-1,10.045920288293269,-10.335070982677859
TACAGGTTCCTTACCG-1,6.688970187073818,-19.098288225802744
TACATTCGTGGCTTAT-1,7.3240422694817475,-17.405862588366407
TACCGGGTCCTCGATC-1,3.509210398118049,4.0854804069309685
TACCTCGCACCCAACG-1,17.148154597748817,-11.483739124792328
TACCTGCAGTCACGCC-1,-2.6850017798702366,3.4181780644059745
TACCTGCAGTCTGCAT-1,3.6645130021789325,-18.706652106388777
TACCTGCTCCAAGCTA-1,-26.762427354117506,5.928141296121194
TACGCTCGTCAATCTG-1,-4.4256187867284345,4.006375693077437
TACGCTCTCTCGGTCT-1,9.510532969208937,24.571378518638994
TACGCTCTCTTAAGGC-1,-26.939130152373888,5.720651754179759
TACGGGCTCAACGAGG-1,13.87137467192781,-15.976081103318089
TACGGGCTCTACCACC-1,11.935437307733359,-14.4576163591623
TACGTCCCAAGTGATA-1,4.801316532953298,20.744189873605194
TACGTCCCATGTGTCA-1,-8.38274774992705,-15.0869605603723
TACTTACAGGCATCTT-1,-4.030935553512593,3.3762891450539954
TACTTCATCATGCCGG-1,-12.618967428161787,-10.835442115947139
TAGACCAGTCTCGGGT-1,-0.07739205344146352,-6.7664285102428225
TAGACTGAGATTGTGA-1,-18.38435735074976,12.60443992912416
TAGACTGGTCTTGAAC-1,13.817614446061265,19.656764187609788
TAGACTGTCGCCGAGT-1,8.448754738501107,20.565678857216632
TAGAGTCGTTGTGTAC-1,10.344834509291186,18.810311442856907
TAGATCGCAAATGGTA-1,14.087040626717577,13.062494019337853
TAGATCGCACACGCCA-1,19.149363943913432,-14.565209332019851
TAGATCGTCACAACCA-1,10.325006960216015,21.501295892323014
TAGCACAAGTACTCGT-1,16.94472655307933,11.821853155298864
TAGGAGGCAAGACCTT-1,-21.105280594642146,5.291337478412293
TAGGAGGGTTCCAGGC-1,-27.243859406693172,9.308970239689167
TAGGGTTAGAGAGCGG-1,7.40963062052087,-19.635002590271633
TAGGGTTAGGAACATT-1,-25.84540981317306,9.330308393566813
TAGGTACGTGTCATCA-1,10.547247701628663,22.96846484365716
TAGGTACTCGAAGCAG-1,-19.41702511541103,-25.68219475489555
TAGTGCACACTCGATA-1,3.681623809884357,22.620900724565143
TAGTGCACAGAGGAAA-1,9.042509806814074,23.706281772076235
TATACCTGTTCTCGTC-1,-12.596152623012873,-11.026180284958826
TATACCTTCTGTCCGT-1,9.182781395327176,15.261914052309304
TATATCCCATGCGTGC-1,-20.341905327923385,4.122262009871044
TATCGCCTCTCCCAAC-1,-1.23055262185171,22.381905201094472
TATCTTGTCCATCTCG-1,-4.739358398820666,21.51676178332392
TATCTTGTCGGCTTGG-1,14.01943212174877,5.644476308064914
TATGTTCAGTATGGAT-1,-13.460357315855983,-20.12513736452345
TATTGCTTCTCGAACA-1,-16.504113281631366,-21.756458697348272
TCAAGCATCCACTTTA-1,5.522082462611756,-17.948146933239315
TCAATCTAGAGGTTTA-1,13.47412700773196,-11.31855926140049
TCAATCTGTTTCCCAC-1,-27.02077645193731,4.205104577987071
TCACAAGGTAGTGGCA-1,21.070723125015597,-15.928764240063003
TCACAAGGTGGATACG-1,5.640267174299305,21.000977050185973
TCACACCCACCAGCCA-1,2.100765367007307,27.416115455073143
TCACACCGTCTCACGG-1,-12.132436024100427,-11.307864605458807
TCACACCGTTAAACCC-1,1.684364623637502,26.71188562929462
TCACACCTCTGGGAGA-1,4.395535303947644,-12.342991764424927
TCACACCTCTTACCAT-1,-4.539352728241878,-8.473676545771376
TCACATTCAGAACTAA-1,-3.119884277989311,30.934635589095528
TCACATTCATGCCATA-1,6.603905154584125,-17.122809929423504
TCACGCTAGGACATCG-1,-12.395828912006632,-9.964218204947745
TCACGCTGTCTGCCTT-1,12.092108605563222,-12.13029321458075
TCACGCTTCACTAGCA-1,11.38120775538689,-12.202099500526451
TCACGCTTCGCTGACG-1,2.9636520389777035,3.9924690090660397
TCACGCTTCGGACTGC-1,11.891533484879659,-20.483356517742138
TCACGGGCAACCGACC-1,13.196187317735184,19.927610760574513
TCACTATGTTTAGACC-1,-11.948443135279023,-9.234152342641478
TCACTCGCAAAGCAAT-1,1.6197281701762847,24.870914633179364
TCACTCGGTCAACCAT-1,15.291275446633447,-11.477522299009143
TCACTCGTCGGTCATA-1,0.9768647919466683,26.573864438390896
TCAGCAACAAATCAAG-1,-1.5714594486979074,28.560081943501725
TCAGCAAGTATGACAA-1,-4.130163017921426,21.78113100611409
TCAGGGCTCATGCGGC-1,13.482206904128953,-15.726946929825807
TCAGGTACAATCGCAT-1,-24.483714103383225,8.152046637855493
TCAGGTAGTATGGTAA-1,6.285043223027083,-24.30506620224311
TCAGTCCGTAAGATCA-1,-0.899884915021813,26.608421874904533
TCAGTCCGTCTCTCAC-1,0.4615643996971433,-17.86181783503953
TCAGTTTAGGATATAC-1,1.417865404122395,24.639160227981197
TCATACTCAGGTACGA-1,-10.444558559127719,-17.759218028704158
TCATACTTCAGAGCAG-1,6.245772503827617,-24.04652062293755
TCATATCCATGCTGCG-1,-10.722554487340798,19.59418236609958
TCATCATAGCACACAG-1,4.1384250022778755,21.841197696095335
TCATCATGTTGCACGC-1,9.098997466414728,17.033430095302357
TCATCCGTCCAACTGA-1,-25.598324152765834,8.28345983854848
TCATGAGCAAGGCAAC-1,-3.853224301116269,4.588663542764618
TCATGCCCAAAGCGTG-1,-13.713868228934425,-14.024221333157636
TCATGCCGTGTCTTAG-1,16.83989426259808,-16.247188901894706
TCATGTTAGAGGCGGA-1,-21.08940261282772,9.840122426418406
TCATGTTGTGTGTGTT-1,22.12606477797722,-16.006491685449298
TCATTACGTGCATGAG-1,-12.055232968676338,-16.705804627056303
TCATTGTGTGAGCAGT-1,16.37681970900838,-13.21695301101121
TCCATCGGTTTAGTCG-1,-17.569484502206883,10.38147898138317
TCCCACACACTAGAGG-1,-4.466820540237879,3.200328404847699
TCCCACACAGACCAAG-1,16.32935885381792,19.986144107368563
TCCCAGTAGACCGTTT-1,9.321530075478854,15.507421741581409
TCCCAGTTCGACATAC-1,4.081504760366824,21.606290961574082
TCCCATGTCGGCCCAA-1,22.28588308353362,-13.571550472029791
TCCGATCTCAAACCTG-1,3.3788155155721458,-19.44896152396241
TCCGGGACACGGGCTT-1,-3.066082888262859,4.350537710608807
TCCTCCCAGTCTAACC-1,17.40546267136253,17.398762065518557
TCCTCGATCTCTCGAC-1,-0.16026878080585047,-15.895804914068455
TCCTCTTAGAGTGAAG-1,8.20560862328209,17.19970161962937
TCCTCTTAGCCAAGGT-1,-1.2659359341623013,24.71560521161653
TCCTTCTCAACTCGTA-1,-4.354792862732427,21.730702171787552
TCCTTTCTCGCTGTCT-1,-10.721259469444654,19.5933340586118
TCGAAGTGTATCAGGG-1,-12.490009224341211,-14.308434771347343
TCGACCTCAAAGACTA-1,12.431907078646764,-10.951250945041068
TCGACCTCAAGTAGTA-1,-9.207414310670949,15.269000276649304
TCGACGGTCGAAGTGG-1,-0.7935285656539616,-20.504111697240514
TCGATTTGTACGCTTA-1,-0.8497004958793192,-17.395734564869112
TCGCAGGAGATTGACA-1,1.8080907930573584,-20.750865631708287
TCGCAGGGTAGGCTCC-1,19.496152875498627,-14.208272649293148
TCGCAGGGTTCTAACG-1,12.358966257739802,-13.331930773050408
TCGCTCACAAGATTGA-1,14.219114870653938,-16.774991263485052
TCGCTTGAGAGACAAG-1,-12.673426420985857,-12.316335280260628
TCGCTTGAGCATTTGC-1,-12.706266755512893,-10.361038297698546
TCGGGACGTAACGGTG-1,12.212532079218152,6.315851184446922
TCGGGACTCTAGATCG-1,14.598850120956879,-12.282648994759118
TCGGGCACAGTTACCA-1,21.7216250482663,-13.49901786651682
TCGGGCATCCGATTAG-1,6.9223735860600355,-21.699271999884235
TCGGGCATCTGAACGT-1,11.685730428177749,23.4451000609126
TCGGGTGCAGTCTGGC-1,15.55857776146813,8.034359137445703
TCGGTCTTCATTGCTT-1,5.1632883385754615,-19.297480198004116
TCGGTCTTCGACATAC-1,6.870983321512245,-19.205075921701905
TCGTAGACAATGAAAC-1,12.341376031705845,16.371179967241574
TCGTGCTGTAAGGAGA-1,22.849441544652798,-15.547426862244999
TCGTGCTGTGATCATC-1,-10.736993753090555,19.592449535315335
TCGTGGGCAGAAGTGC-1,-4.465024188361967,3.6951241453836867
TCTAACTAGGTCCAGA-1,-3.6159953766526987,-8.222562199765578
TCTACCGCAGTCGTTA-1,1.9287463442077846,-21.173783763892715
TCTACCGTCCACGGAC-1,12.706360464321255,-8.119524955407579
TCTATACGTTATCCAG-1,16.16337696034113,15.49032191690478
TCTATCAGTATGCTAC-1,14.610661789109868,21.22534107463911
TCTATCAGTTGCCGAC-1,-2.121659720031654,-6.63126689669417
TCTCACGAGGCTCCCA-1,-10.198818241082957,-10.797234748243824
TCTCCGAAGTCAATCC-1,-1.8431387401563586,22.661626570874102
TCTCCGATCTCTCTTC-1,-19.683419616248553,15.705052825045385
TCTCTGGCAAAGCAAT-1,-2.741915675245173,29.87582394000401
TCTGCCAAGTTACGGG-1,0.4648890105292892,0.1855157771793182
TCTGCCAGTAACGCGA-1,16.89063670939571,-12.186787499457143
TCTGCCAGTAGATGTA-1,4.640662602658873,24.341958136092316
TCTGGCTCATCCTGTC-1,0.5201885193118458,-17.05419848260981
TCTGTCGAGACTAGAT-1,8.793888928063593,15.75398936200913
TCTGTCGCACCAGCGT-1,-17.78954517128387,-24.404309841749225
TCTTAGTAGGCCTGCT-1,11.87800044052902,-9.744345953377856
TCTTAGTCAACACGAG-1,10.767295710778654,23.30150546154984
TCTTAGTGTTGCCAAT-1,8.44587197238935,21.346853268935437
TCTTAGTTCAGAATAG-1,-12.424790030135435,-16.695186959708654
TCTTCCTCACCAAAGG-1,-3.013894406016191,3.591295464155119
TCTTGCGAGATGAAGG-1,-0.3474546642743859,-16.75947248826928
TCTTGCGCACTACTTT-1,-29.034528282501025,8.202738809623181
TCTTGCGCAGAGGAAA-1,4.239503586071336,-23.770684537675468
TCTTGCGGTCCAGCCA-1,0.2712829659025769,-19.1947919252155
TCTTTGAGTGGAGAAA-1,-18.822900191142015,7.742312436952179
TGAACGTCAAATGAAC-1,-11.027196574916722,-13.671192725975734
TGAACGTGTAACTAAG-1,6.471505731887836,-20.126877087056528
TGAACGTGTCCATAGT-1,14.447646153350208,5.671514382262417
TGAATGCGTGGACTAG-1,-20.468326643992086,7.753503927312564
TGAATGCTCGACGAGA-1,13.6665117162174,20.815767682218485
TGAATGCTCGCCGTGA-1,7.316754645351925,20.942655567185827
TGACAGTTCGAGATGG-1,-18.828998155860976,6.629698923841563
TGACCCTTCTCATTGT-1,-1.648028936365706,28.930527335430945
TGACGCGGTGGCTTAT-1,15.48598822451124,8.886723516198133
TGACTCCAGTCTCCTC-1,14.761184614785154,-10.611518543795437
TGACTCCCACCATAAC-1,17.052020118219424,12.444861487228048
TGAGACTAGGCTGAAC-1,15.90351489277213,-9.959894567540475
TGAGCATTCCATTGCC-1,-9.13346285584588,-10.335047687416235
TGAGCATTCCTTCACG-1,9.409704182119599,-11.543295432126097
TGAGCATTCGATACTG-1,6.3197038706480315,-18.143996647119828
TGAGCATTCTGTCTCG-1,7.609998030259358,17.353312401197794
TGAGCGCCACTATGTG-1,7.131934876887769,24.928678818031532
TGAGCGCCAGCATACT-1,3.8309498953817758,23.26797095331163
TGAGCGCTCGTCTAAG-1,-11.400349915483412,-18.198740388138226
TGAGGAGTCCATCGTC-1,-19.854427934125336,14.612485101991503
TGAGGGATCAAACGTC-1,-19.51572336530731,11.778317608259576
TGAGGGATCATAAGGA-1,0.408510194759666,-1.6002238501372972
TGAGGTTCAAACTAGA-1,16.39654256982582,11.96949241257206
TGAGGTTCAGGACATG-1,5.318820546325249,24.735918813020007
TGAGGTTGTAGCTTTG-1,-2.996041710051092,22.311487489772183
TGAGTCACAGAACGCA-1,8.843968665699618,24.845742424084694
TGAGTCAGTAACCCTA-1,-15.20031555794942,-22.037911863579986
TGAGTCAGTCACTCTC-1,14.85824435095831,19.395085691738696
TGATCAGAGGATTCAA-1,-0.9509469551051931,22.41375546135272
TGATGCACAGGGCTTC-1,-12.686095864551485,-18.033960565276697
TGATGGTAGACCCGCT-1,-15.956480749790718,-25.034481408609125
TGATTCTGTAGGTACG-1,-3.708719189436353,3.799660499601299
TGCACGGTCGAGTACT-1,-20.78308950819091,3.626606508686235
TGCAGGCAGCGTTCAT-1,10.904374200791645,-19.60242098800121
TGCAGGCCAGGAATAT-1,19.533926777623986,-14.681690166206735
TGCAGTAAGTAGTCCT-1,-20.172567909627563,9.365797029040424
TGCAGTATCCACATAG-1,6.470210736885504,26.430630895243056
TGCATCCCACCCAACG-1,-26.51247078534263,3.6280394715183735
TGCATGAAGCACCCAC-1,12.324481967047696,-12.792375864711895
TGCGACGAGCGACAGT-1,-19.543589304811,-24.483469075658558
TGCGATAAGAATCGCG-1,-13.175222563846747,-11.596213475514546
TGCGGCAAGTGGTGAC-1,4.60118547631706,-25.155674276742573
TGCGGCACAAAGACGC-1,13.27151756496026,-16.459768114340207
TGCTCCACAATCTAGC-1,-10.372406143096066,-10.834078603997545
TGCTCGTAGACGAGCT-1,18.065659345531618,-16.83492142852798
TGCTCGTTCCCATTTA-1,-18.173457677357803,5.2849746685999515
TGCTGAACAGCACAAG-1,3.99564866965826,-19.150018426932114
TGCTTCGCATAGCTGT-1,15.621944130967794,7.358844736745683
TGCTTGCGTGAACTAA-1,17.50988997124457,-12.365495023594981
TGGAACTAGCGTCTCG-1,9.905779027076433,15.513706396790363
TGGAGAGCAGTCAGTT-1,17.133747330927715,9.232823212710372
TGGAGGAAGTAGGAAG-1,8.810292113951451,14.293009630194438
TGGAGGAGTCTTTATC-1,3.3067643103783837,4.053860281148575
TGGAGGATCGACATTG-1,-0.557433175977959,-2.651655055222459
TGGATCAGTTCTCCCA-1,18.34280460974511,13.418833625902316
TGGATGTTCACGGGAA-1,-8.319507973489479,-15.198751264905084
TGGATGTTCTATCCAT-1,-4.073535211564567,3.9226407889398405
TGGCGTGGTGGATTTC-1,-9.35229490318793,-12.449207153099291
TGGGAAGTCGATTGGT-1,-8.093505669993315,-17.160822198083093
TGGGAGAAGCAAGTGC-1,-22.032672037268185,3.435947228945814
TGGGAGAAGTGGTGGT-1,13.265426564195735,19.890631588633493
TGGGATTAGTCACGAG-1,-19.387332263168776,-26.372752083302984
TGGGATTGTACGATGG-1,-1.3317664279187436,22.387584989296187
TGGGCGTAGTGGAATT-1,-19.549650303735252,5.38526506582064
TGGGCGTCAAATTGCC-1,-0.9077335088951219,-0.8770449753751686
TGGGCTGAGAGGGTCT-1,12.766440281908533,-20.91985803061659
TGGGCTGAGCGTTAGG-1,-2.583304405062432,30.537074310928983
TGGGCTGCATCCGATA-1,-6.342430459290795,-15.478580705133709
TGGGCTGGTCGCGGTT-1,-18.813260343314244,-23.248830174327242
TGGGTTAGTATTGAGA-1,-3.1928494101352363,30.589961686854284
TGGGTTAGTGCACGCT-1,-19.419253659925854,6.054431958351318
TGGGTTATCAGTAGGG-1,12.231305235494387,15.382770287581927
TGGTACACAAAGGGTC-1,12.35400962862786,-13.657110988320541
TGGTAGTCAGGCATGA-1,16.129583600587182,-17.71197827082879
TGGTAGTCATCACAGT-1,10.94009065358756,-13.431064097174627
TGGTAGTTCCCTCATG-1,17.77584762265027,12.425691356568784
TGGTTAGTCAACCTTT-1,-3.1843055538032563,3.3813561731836956
TGTAACGGTTGCGTAT-1,2.8350497417627265,3.970156221687692
TGTACAGAGACTCGAG-1,7.681154518661658,22.95377329069829
TGTACAGAGTGAGTTA-1,9.814900728439692,20.07448700583927
TGTACAGGTGGATTTC-1,14.538888378028298,-17.98262870958243
TGTAGACTCCATTTAC-1,16.076234899723378,18.143961673689315
TGTCAGACAACTTGGT-1,7.060969715350611,-19.380546892114637
TGTCAGACACTCACTC-1,2.8232403062256233,-18.574543558567047
TGTCCACCAACTGGTT-1,-12.4677802374058,-10.050401571444358
TGTCCACTCGCTTACC-1,-9.21953299061753,15.238276148583585
TGTCCCAAGCTCCATA-1,4.007077088556971,-18.12354049545255
TGTCCCAAGGTCATAA-1,-19.24594998433026,5.84743816825587
TGTCCCACATACTTTC-1,19.5045980595845,-11.96121685055797
TGTCCCAGTCAGGCAA-1,16.516995406856317,13.696715100648124
TGTCCCAGTCGGTGTC-1,11.468346727481153,13.175100402955982
TGTCCTGGTACTTGTG-1,17.142408603921304,-18.095036038494918
TGTCCTGGTTGGCTAT-1,-22.35369001059012,3.4522826165491587
TGTCCTGTCGGCTATA-1,-0.4186060390088606,-5.509366995523355
TGTGATGAGCGACTGA-1,-18.201943870385705,5.008854714808319
TGTGATGCATTCTCTA-1,7.657339159560209,-20.758826914434962
TGTGCGGGTCGTCGGT-1,-16.231408129963,-25.675948681110327
TGTGCGGTCACATACG-1,10.330665177532053,22.971834721603344
TGTGGCGTCGTACCTC-1,15.339692935002086,7.658723828527426
TGTGTGATCTGACAGT-1,20.529618817125048,-15.324650186055589
TGTTCATAGCTGCCTG-1,-6.07430846323306,19.838585671786543
TGTTCATGTCCTGGGT-1,-12.39197024691356,-9.362750915802229
TGTTCCGCAAGTATAG-1,-23.912650204868793,3.2301658682693817
TGTTGAGCACAACGAG-1,12.5018579651125,11.915319845102141
TGTTGAGTCTCGACCT-1,-25.24306707893783,8.309581241409981
TGTTTGTGTGGAAATT-1,8.430880498749431,25.752069403950145
TTAATCCAGCTACTAC-1,12.614005804777236,21.571510553575532
TTACAGGGTGATTCTG-1,-11.617019605742792,-18.78951298492338
TTACCGCGTCCGAAAG-1,-2.7879475269983898,31.397685618118558
TTACGCCCACGTCGTG-1,14.449952580045283,14.182076873737525
TTACGCCTCAATGCAC-1,12.869324706287706,-8.067180091162223
TTACGTTGTTTACGAC-1,-3.298771630916896,-19.922130676338003
TTACGTTTCTCGCTTG-1,9.895905365774276,-12.945985800877278
TTACTGTCATACATCG-1,-27.74627273281496,6.780424235277901
TTACTGTGTAAGAACT-1,17.749359329342862,11.895356263470648
TTACTGTGTTAAGGGC-1,-23.40087587626103,9.797583431485009
TTAGGGTCAGGTCAGA-1,-0.4636011274522322,-2.5384216153099253
TTAGGGTGTCACATTG-1,-13.338051208803419,-11.642745971789857
TTAGTCTCACGTATAC-1,14.148147766364904,-10.684206656740146
TTATTGCCAAACGGCA-1,-24.256801132958373,10.252745645924586
TTATTGCGTACGTAGG-1,9.908250630692827,12.067815531210966
TTATTGCGTCAACACT-1,-19.34819211492393,-23.103616230167503
TTATTGCGTGTCTTCC-1,17.78734142841382,13.93174118892099
TTCACCGCAGCCCAGT-1,-26.88013767671545,7.542210461140577
TTCACGCGTTAAGTCC-1,-2.7109676986268907,-19.562699057338016
TTCACGCTCTATCCAT-1,4.842121435829198,-14.27354012718409
TTCAGGAAGATTGGGC-1,21.192338037436045,-14.296171752296974
TTCAGGAGTCTACAAC-1,-24.864608613963387,9.250601977271401
TTCATGTAGGTCATAA-1,11.509987088156995,-21.134767386844686
TTCATTGGTACGAAAT-1,0.23124356565876916,-5.160375198085341
TTCCACGAGGAAGTGA-1,-1.1749040483801243,-1.8328309927614104
TTCCACGGTCAACACT-1,-18.16673573028775,10.505882473297257
TTCCGTGCACTCACTC-1,15.654846403772922,-11.657446293543131
TTCCGTGGTTCCAGGC-1,-21.406349068944266,10.754803984466417
TTCCTAAGTGACGTCC-1,3.096106905040523,4.017563978075854
TTCCTCTGTACCTGTA-1,3.115336153058497,23.608092325342056
TTCCTTCAGCCTCAAT-1,-4.265909099245107,4.076848281262284
TTCCTTCAGGTAGTCG-1,16.53546232046538,8.964425934313132
TTCCTTCAGTAGTCAA-1,-0.598042806048975,-16.548940600098828
TTCCTTCGTGACACGA-1,15.44498670771207,19.902910304238382
TTCGATTTCTGACCCT-1,2.789279356913107,3.962611064337444
TTCGCTGAGGGTTAGC-1,-4.170059880383107,-20.859738185354637
TTCGCTGAGGTTCCGC-1,-3.056431287982563,-5.8179983316896555
TTCGCTGCACTAGTAC-1,-23.849448385642685,4.20527942718632
TTCGCTGTCGGACTGC-1,21.70594970597287,-15.333136925193209
TTCTCTCGTATCGTAC-1,2.769106960202723,-16.740470715519344
TTCTTGAGTCTTGCTC-1,18.774016908430728,13.5226941875244
TTGACCCGTCTCGGGT-1,-12.08503374209456,-13.170016404785763
TTGACCCTCGTAGTGT-1,1.3768741889821412,-24.186071448423622
TTGATGGCATAAGATG-1,-22.486207357746306,5.758377530054183
TTGATGGTCGCTAAAC-1,-3.8410214044515874,2.2620502860453566
TTGCATTGTGCCTTCT-1,-10.737342110041668,19.591533648548037
TTGCCTGAGAGTGACC-1,13.837467691965037,20.667052051865273
TTGCCTGAGTGGAAAG-1,14.75419228040265,19.9706521863824
TTGCCTGGTAGCTGCC-1,5.9544074884937785,26.89383094146305
TTGCTGCCATTGCCGG-1,-3.405925241778211,31.05875214779542
TTGGGATCAACGGGTA-1,-13.325843839371721,-20.003307840278424
TTGGGATTCAGGAAGC-1,1.396798332566196,27.596855572316755
TTGGGATTCTCTCTAA-1,16.397571640217766,19.12589796268338
TTGGGCGCACGGTGAA-1,4.902780706089333,-19.71076360939257
TTGGGCGGTCGGAAAC-1,-24.184213163581145,5.023604077919243
TTGGGTAGTGCTAGCC-1,15.12545064452993,19.751037043465296
TTGGGTATCACCGACG-1,14.57003172271713,8.024968824352785
TTGGTTTCACTGGATT-1,-14.778325356449667,-21.63604379598338
TTGTGGATCTAAGAAG-1,12.814825500870514,-13.761657287401365
TTGTGTTGTGTGTCCG-1,19.699026356191602,-15.509753328485083
TTGTTCACACTTGTGA-1,-5.199793546167838,21.04563654093053
TTGTTCACAGTCGCTG-1,6.904200531789967,26.57474846577424
TTGTTCATCTTTACAC-1,15.73448623208421,8.449482522123269
TTGTTTGAGGTCGACA-1,22.131243237066258,-15.542921923745183
TTGTTTGTCCAACCGG-1,15.003312286095587,6.718970286655853
TTTACTGTCACGGGAA-1,-29.530854499312493,7.947668665285113
TTTATGCCAGTGGCTC-1,-3.6493899797412084,3.248365047483624
TTTATGCGTAACATAG-1,3.966634782393528,-22.86875003594898
TTTATGCGTTGATCGT-1,-18.054201826724352,11.717543210605102
TTTATGCTCACTCGAA-1,-4.526466953328652,2.9601190281210696
TTTCACATCGACGCTG-1,-7.229946977209653,15.191487906056006
TTTCACATCTCAGGCG-1,-22.423076333414265,6.208265225732382
TTTCATGGTGCCTAAT-1,-17.434477486479867,10.659694718845445
TTTCATGTCACTCACC-1,6.462672035810664,18.68545154320569
TTTCCTCCACAGAGCA-1,-26.27628569450685,4.2245904029348695
TTTCCTCTCCTACACC-1,-2.4536154476370506,-18.41616927612203
TTTCCTCTCTCTTGCG-1,-3.7346602395273942,31.18841875324024
TTTGATCTCTTTGGAG-1,8.100484417027177,-21.167828431171312
TTTGGTTAGTAACCTC-1,7.101466697519889,-10.776246985613069
TTTGGTTGTAGAATAC-1,5.663358026110495,20.005395645657206
TTTGTTGCAATTAGGA-1,-23.32383540477587,3.3239839428662123
